timestamp,position,velocity,current,temperature,friction_cc,health_index,status
2026-10-06 16:17:35.270,0.0,65.53,13.11,25.06,0.1,100.0,NOMINAL
2026-10-06 16:17:35.372,3.28,-1310.36,0.0,25.06,0.1,100.0,NOMINAL
2026-10-06 16:17:35.473,-62.24,14921.89,35.0,25.52,0.1,99.9,NOMINAL
2026-10-06 16:17:35.573,683.85,-92281.67,0.0,25.52,0.1,99.9,NOMINAL
2026-10-06 16:17:35.674,-3930.23,-276834.33,35.0,25.98,0.1,99.8,NOMINAL
2026-10-06 16:17:35.775,-17771.95,16538072.19,35.0,26.44,0.1,99.7,NOMINAL
2026-10-06 16:17:35.875,809131.66,-265188201.97,0.0,26.44,0.1,99.7,NOMINAL
2026-10-06 16:17:35.976,-12450278.44,2556306785.25,35.0,26.89,0.1,99.6,NOMINAL
2026-10-06 16:17:36.077,115365060.83,-10004782710.03,0.0,26.89,0.1,99.6,NOMINAL
2026-10-06 16:17:36.177,-384874074.68,-149609787550.45,35.0,27.34,0.1,99.5,NOMINAL
2026-10-06 16:17:36.278,-7865363452.2,3889869262501.26,35.0,27.8,0.1,99.4,NOMINAL
2026-10-06 16:17:36.379,186628099672.87,-50564830913215.9,0.04,27.79,0.1,99.4,NOMINAL
2026-10-06 16:17:36.480,-2341613445987.93,393661673868477.2,35.0,28.25,0.1,99.3,NOMINAL
2026-10-06 16:17:36.581,17341470247435.93,-179507395236694.72,0.0,28.24,0.1,99.3,NOMINAL
2026-10-06 16:17:36.681,8366100485601.19,-4.696740018754089e+16,0.0,28.23,0.1,99.3,NOMINAL
2026-10-06 16:17:36.782,-2340003908891443.5,8.462086621524102e+17,35.0,28.69,0.1,99.2,NOMINAL
2026-10-06 16:17:36.883,3.997042919872907e+16,-8.984438011532716e+18,0.0,28.68,0.1,99.2,NOMINAL
2026-10-06 16:17:36.983,-4.0925147137790675e+17,5.020632942121185e+19,35.0,29.13,0.1,99.1,NOMINAL
2026-10-06 16:17:37.084,2.101064999682686e+18,3.3193759177200265e+20,0.02,29.12,0.1,99.1,NOMINAL
2026-10-06 16:17:37.185,1.869794458828282e+19,-1.3200207512832372e+22,0.01,29.11,0.1,99.1,NOMINAL
2026-10-06 16:17:37.286,-6.413124310533358e+20,1.9035164660981614e+23,35.0,29.57,0.1,99.0,NOMINAL
2026-10-06 16:17:37.387,8.876269899437471e+21,-1.6608405115461467e+24,0.04,29.56,0.1,99.0,NOMINAL
2026-10-06 16:17:37.488,-7.416575567786987e+22,4.958906841773638e+24,35.0,30.01,0.1,98.9,NOMINAL
2026-10-06 16:17:37.588,1.7377958641081205e+23,1.410241255442283e+26,0.0,30.0,0.1,98.9,NOMINAL
2026-10-06 16:17:37.689,7.224985863622228e+24,-3.3042260923764484e+27,0.03,29.99,0.1,98.9,NOMINAL
2026-10-06 16:17:37.790,-1.579863187552002e+26,4.02646678553651e+28,35.0,30.44,0.1,98.8,NOMINAL
2026-10-06 16:17:37.891,1.8552470740130548e+27,-2.7965404800473803e+29,0.04,30.43,0.1,98.8,NOMINAL
2026-10-06 16:17:37.991,-1.2127455326223847e+28,-2.107478783363607e+29,35.0,30.87,0.1,98.7,NOMINAL
2026-10-06 16:17:38.092,-2.266484924304188e+28,3.9103425988600663e+31,35.0,31.32,0.1,98.6,NOMINAL
2026-10-06 16:17:38.193,1.9325064501869913e+30,-6.890540128841835e+32,0.02,31.31,0.1,98.6,NOMINAL
2026-10-06 16:17:38.294,-3.252019419402219e+31,7.134700740193339e+33,35.0,31.76,0.1,98.5,NOMINAL
2026-10-06 16:17:38.394,3.2421484281564477e+32,-3.5073343786837453e+34,0.03,31.74,0.1,98.5,NOMINAL
2026-10-06 16:17:38.495,-1.429452346526228e+33,-2.9187908880096334e+35,35.0,32.19,0.1,98.4,NOMINAL
2026-10-06 16:17:38.596,-1.6023406786574395e+34,9.558341794031668e+36,35.0,32.63,0.1,98.3,NOMINAL
2026-10-06 16:17:38.696,4.6189368291500896e+35,-1.348366522184979e+38,0.02,32.62,0.1,98.3,NOMINAL
2026-10-06 16:17:38.797,-6.279938928009887e+36,1.1534288559276327e+39,35.0,33.06,0.1,98.2,NOMINAL
2026-10-06 16:17:38.898,5.139150386837175e+37,-2.38974665461893e+39,0.01,33.05,0.1,98.2,NOMINAL
2026-10-06 16:17:38.998,-6.809582886257475e+37,-1.0485139710230588e+41,35.0,33.49,0.1,98.1,NOMINAL
2026-10-06 16:17:39.099,-5.3106656839778686e+39,2.1409398484925933e+42,35.0,33.93,0.1,98.0,NOMINAL
2026-10-06 16:17:39.200,1.017363267406518e+41,-2.4684552827662877e+43,0.0,33.91,0.1,98.0,NOMINAL
2026-10-06 16:17:39.301,-1.1324913146424921e+42,1.6136663512183612e+44,35.0,34.36,0.1,97.9,NOMINAL
2026-10-06 16:17:39.401,6.935840441449315e+42,4.802266644420701e+44,0.04,34.34,0.1,97.9,NOMINAL
2026-10-06 16:17:39.502,3.094717366355282e+43,-3.15841625674322e+46,0.01,34.32,0.1,97.9,NOMINAL
2026-10-06 16:17:39.603,-1.548260954708057e+45,4.9547234288441135e+47,35.0,34.76,0.1,97.8,NOMINAL
2026-10-06 16:17:39.707,2.3225356189512515e+46,-4.7114449078209096e+48,0.04,34.74,0.1,97.8,NOMINAL
2026-10-06 16:17:39.807,-2.1234688920153298e+47,1.9735129663011668e+49,35.0,35.18,0.1,97.7,NOMINAL
2026-10-06 16:17:39.908,7.744095939490504e+47,2.9559081461146178e+50,0.04,35.16,0.1,97.7,NOMINAL
2026-10-06 16:17:40.008,1.555395032452214e+49,-8.240305444489333e+51,0.0,35.14,0.1,97.7,NOMINAL
2026-10-06 16:17:40.109,-3.964613218999445e+50,1.0756501602119288e+53,35.0,35.58,0.1,97.6,NOMINAL
2026-10-06 16:17:40.210,4.9817894791596995e+51,-8.292035104519807e+53,0.03,35.56,0.1,97.6,NOMINAL
2026-10-06 16:17:40.311,-3.647838604343934e+52,8.806016935615347e+53,35.0,35.99,0.1,97.5,NOMINAL
2026-10-06 16:17:40.411,7.551698634637399e+51,9.981054954073567e+55,0.03,35.97,0.1,97.5,NOMINAL
2026-10-06 16:17:40.512,4.998079175671421e+54,-1.968598631085412e+57,0.0,35.95,0.1,97.5,NOMINAL
2026-10-06 16:17:40.613,-9.343185237859918e+55,2.1976508829566364e+58,35.0,36.39,0.1,97.4,NOMINAL
2026-10-06 16:17:40.714,1.005393589099719e+57,-1.2952203313224726e+59,0.01,36.37,0.1,97.4,NOMINAL
2026-10-06 16:17:40.815,-5.4707080675126445e+57,-5.213340960853386e+59,35.0,36.8,0.1,97.3,NOMINAL
2026-10-06 16:17:40.916,-3.153741287177958e+58,2.553997382861188e+61,35.0,37.24,0.1,97.2,NOMINAL
2026-10-06 16:17:41.017,1.2454612785588145e+60,-3.9642309706316864e+62,0.0,37.21,0.1,97.2,NOMINAL
2026-10-06 16:17:41.117,-1.8575693574599618e+61,3.717260400635978e+63,35.0,37.65,0.1,97.1,NOMINAL
2026-10-06 16:17:41.218,1.672873264571993e+62,-1.30372551753279e+64,0.03,37.62,0.1,97.1,NOMINAL
2026-10-06 16:17:41.319,-4.845754323091958e+62,-2.4412095498811205e+65,35.0,38.06,0.1,97.0,NOMINAL
2026-10-06 16:17:41.420,-1.2690623181714798e+64,5.930892569001526e+66,35.0,38.49,0.1,96.9,NOMINAL
2026-10-06 16:17:41.521,2.8385400526836153e+65,-7.485863660292251e+67,0.04,38.46,0.1,96.9,NOMINAL
2026-10-06 16:17:41.622,-3.459077824877764e+66,5.608799946908311e+68,35.0,38.9,0.1,96.8,NOMINAL
2026-10-06 16:17:41.722,2.458492190966379e+67,1.3818406349866602e+68,0.0,38.87,0.1,96.8,NOMINAL
2026-10-06 16:17:41.823,3.1494125084597093e+67,-8.14851122579315e+70,0.05,38.84,0.1,96.8,NOMINAL
2026-10-06 16:17:41.924,-4.042761487811978e+69,1.4185734706999274e+72,35.0,39.27,0.1,96.7,NOMINAL
2026-10-06 16:17:42.025,6.68859120471844e+70,-1.474079387259602e+73,0.04,39.24,0.1,96.7,NOMINAL
2026-10-06 16:17:42.126,-6.701537815826167e+71,7.850443645522782e+73,35.0,39.67,0.1,96.6,NOMINAL
2026-10-06 16:17:42.227,3.2550680411787746e+72,6.159373912293818e+74,0.0,39.64,0.1,96.6,NOMINAL
2026-10-06 16:17:42.328,3.4051937602647863e+73,-2.243130941531226e+76,0.0,39.62,0.1,96.6,NOMINAL
2026-10-06 16:17:42.429,-1.0875135331629651e+75,3.168567979638415e+77,35.0,40.05,0.1,96.5,NOMINAL
2026-10-06 16:17:42.529,1.475532636502911e+76,-2.700453728098714e+78,0.0,40.02,0.1,96.5,NOMINAL
2026-10-06 16:17:42.630,-1.202673600399066e+77,7.1266902777278114e+78,35.0,40.44,0.1,96.4,NOMINAL
2026-10-06 16:17:42.731,2.3606715384648396e+77,2.4655569936889264e+80,0.01,40.41,0.1,96.4,NOMINAL
2026-10-06 16:17:42.832,1.2563852122291116e+79,-5.559700711017598e+81,0.0,40.38,0.1,96.4,NOMINAL
2026-10-06 16:17:42.933,-2.6542118342858875e+80,6.656828789674116e+82,35.0,40.81,0.1,96.3,NOMINAL
2026-10-06 16:17:43.034,3.0629932114084696e+81,-4.4877718608515107e+83,0.02,40.78,0.1,96.3,NOMINAL
2026-10-06 16:17:43.135,-1.9375866092849087e+82,-5.868950009897179e+83,35.0,41.21,0.1,96.2,NOMINAL
2026-10-06 16:17:43.236,-4.8720616142334986e+82,6.711192966417896e+85,35.0,41.63,0.1,96.1,NOMINAL
2026-10-06 16:17:43.337,3.3068758670666133e+84,-1.1511269802479112e+87,0.0,41.6,0.1,96.1,NOMINAL
2026-10-06 16:17:43.437,-5.424947314532895e+85,1.1691763880092013e+88,35.0,42.03,0.1,96.0,NOMINAL
2026-10-06 16:17:43.538,5.303387208592718e+86,-5.440197561464579e+88,0.0,41.99,0.1,96.0,NOMINAL
2026-10-06 16:17:43.639,-2.1897600598730178e+87,-5.323332483960872e+89,35.0,42.42,0.1,95.9,NOMINAL
2026-10-06 16:17:43.740,-2.8806422479677376e+88,1.6221528634769022e+91,35.0,42.84,0.1,95.8,NOMINAL
2026-10-06 16:17:43.841,7.822700092587737e+89,-2.2366335976347823e+92,0.0,42.81,0.1,95.8,NOMINAL
2026-10-06 16:17:43.941,-1.0400897978915139e+91,1.8666269887374438e+93,35.0,43.23,0.1,95.7,NOMINAL
2026-10-06 16:17:44.042,8.293045145795706e+91,-3.104245398191224e+93,0.03,43.2,0.1,95.7,NOMINAL
2026-10-06 16:17:44.143,-7.228181845160413e+91,-1.8309925028447512e+95,35.0,43.62,0.1,95.6,NOMINAL
2026-10-06 16:17:44.244,-9.22724433267536e+93,3.60332733200346e+96,35.0,44.04,0.1,95.5,NOMINAL
2026-10-06 16:17:44.344,1.7093912226749765e+95,-4.061917660493386e+97,0.0,44.0,0.1,95.5,NOMINAL
2026-10-06 16:17:44.445,-1.8600197079791954e+96,2.553044841508182e+98,35.0,44.42,0.1,95.4,NOMINAL
2026-10-06 16:17:44.546,1.0905204499561715e+97,9.787631762860889e+98,0.02,44.38,0.1,95.4,NOMINAL
2026-10-06 16:17:44.647,5.984336331386616e+97,-5.4017640979586916e+100,0.05,44.35,0.1,95.4,NOMINAL
2026-10-06 16:17:44.747,-2.6410386856654796e+99,8.273293724830205e+101,35.0,44.77,0.1,95.3,NOMINAL
2026-10-06 16:17:44.848,3.872542993848555e+100,-7.688058560905997e+102,0.03,44.73,0.1,95.3,NOMINAL
2026-10-06 16:17:44.949,-3.456774981068143e+101,2.9806462001297153e+103,35.0,45.15,0.1,95.2,NOMINAL
2026-10-06 16:17:45.049,1.1446456019580434e+102,5.265198225565116e+104,0.01,45.11,0.1,95.2,NOMINAL
2026-10-06 16:17:45.150,2.7470636729783628e+103,-1.392558857618641e+106,0.0,45.07,0.1,95.2,NOMINAL
2026-10-06 16:17:45.251,-6.688087920795369e+104,1.7833823831038243e+107,35.0,45.49,0.1,95.1,NOMINAL
2026-10-06 16:17:45.352,8.248103123439585e+105,-1.337904115566233e+108,0.0,45.44,0.1,95.1,NOMINAL
2026-10-06 16:17:45.453,-5.864710265487207e+106,8.116916056093176e+107,35.0,45.86,0.1,95.0,NOMINAL
2026-10-06 16:17:45.553,-1.806252237440619e+106,1.722696554718209e+110,35.0,46.28,0.1,94.9,NOMINAL
2026-10-06 16:17:45.654,8.595420251216638e+108,-3.298072509569328e+111,0.04,46.24,0.1,94.9,NOMINAL
2026-10-06 16:17:45.755,-1.5630820522724978e+110,3.6174151333013707e+112,35.0,46.66,0.1,94.8,NOMINAL
2026-10-06 16:17:45.855,1.6523993614234356e+111,-2.051245600255208e+113,0.0,46.61,0.1,94.8,NOMINAL
2026-10-06 16:17:45.956,-8.603828639852606e+111,-1.0000581452651794e+114,35.0,47.03,0.1,94.7,NOMINAL
2026-10-06 16:17:46.057,-5.860673590311158e+112,4.350585010538427e+115,35.0,47.44,0.1,94.6,NOMINAL
2026-10-06 16:17:46.158,2.1166857693661016e+114,-6.596306902784847e+116,0.01,47.4,0.1,94.6,NOMINAL
2026-10-06 16:17:46.259,-3.0864848744558137e+115,6.056968907161703e+117,35.0,47.81,0.1,94.5,NOMINAL
2026-10-06 16:17:46.360,2.7198359661352705e+116,-1.9327049970654597e+118,0.0,47.77,0.1,94.5,NOMINAL
2026-10-06 16:17:46.460,-6.943689019192028e+116,-4.314572544012823e+119,35.0,48.18,0.1,94.4,NOMINAL
2026-10-06 16:17:46.561,-2.226723162198332e+118,1.0011847311904545e+121,35.0,48.59,0.1,94.3,NOMINAL
2026-10-06 16:17:46.662,4.7832513397324395e+119,-1.2366182983494139e+122,0.0,48.55,0.1,94.3,NOMINAL
2026-10-06 16:17:46.763,-5.704766357773826e+120,8.992454311374567e+122,35.0,48.96,0.1,94.2,NOMINAL
2026-10-06 16:17:46.864,3.9257505199099005e+121,7.313236525557392e+122,0.0,48.91,0.1,94.2,NOMINAL
2026-10-06 16:17:46.965,7.582368782688597e+121,-1.4006470085784326e+125,0.0,48.86,0.1,94.2,NOMINAL
2026-10-06 16:17:47.066,-6.927411355065277e+123,2.3754531298825472e+126,35.0,49.28,0.1,94.1,NOMINAL
2026-10-06 16:17:47.167,1.1184524513906209e+125,-2.417806859975869e+127,0.03,49.23,0.1,94.1,NOMINAL
2026-10-06 16:17:47.268,-1.0970581848488726e+126,1.2256491898433025e+128,35.0,49.64,0.1,94.0,NOMINAL
2026-10-06 16:17:47.369,5.0311877643676407e+126,1.124528747866832e+129,0.02,49.59,0.1,94.0,NOMINAL
2026-10-06 16:17:47.470,6.125762515770924e+127,-3.803147621411716e+130,0.0,49.54,0.1,94.0,NOMINAL
2026-10-06 16:17:47.570,-1.8403161855481488e+129,5.269945464496727e+131,35.0,49.95,0.1,93.9,NOMINAL
2026-10-06 16:17:47.671,2.450941113693549e+130,-4.390073915127347e+132,0.03,49.9,0.1,93.9,NOMINAL
2026-10-06 16:17:47.772,-1.949942846194319e+131,1.0072229426171082e+133,35.0,50.31,0.1,93.8,NOMINAL
2026-10-06 16:17:47.873,3.0861718668912223e+131,4.287161242821271e+134,0.0,50.26,0.1,93.8,NOMINAL
2026-10-06 16:17:47.974,2.174442340079548e+133,-9.340862281539593e+135,0.05,50.21,0.1,93.8,NOMINAL
2026-10-06 16:17:48.075,-4.452986906761842e+134,1.09996418818193e+137,35.0,50.62,0.1,93.7,NOMINAL
2026-10-06 16:17:48.176,5.054522250233466e+135,-7.199855015707478e+137,0.02,50.57,0.1,93.7,NOMINAL
2026-10-06 16:17:48.276,-3.0944752828303926e+136,-1.348898833132969e+138,35.0,50.97,0.1,93.6,NOMINAL
2026-10-06 16:17:48.377,-9.838969448495237e+136,1.1481116674850904e+140,35.0,51.38,0.1,93.5,NOMINAL
2026-10-06 16:17:48.478,5.642168642940499e+138,-1.9210804215265252e+141,0.0,51.33,0.1,93.5,NOMINAL
2026-10-06 16:17:48.578,-9.041185243338576e+139,1.9154256666170262e+142,35.0,51.74,0.1,93.4,NOMINAL
2026-10-06 16:17:48.679,8.673009808751274e+140,-8.419569507957112e+142,0.04,51.68,0.1,93.4,NOMINAL
2026-10-06 16:17:48.780,-3.342483773103429e+141,-9.587576271391416e+143,35.0,52.09,0.1,93.3,NOMINAL
2026-10-06 16:17:48.881,-5.128036513006052e+142,2.747037447818858e+145,35.0,52.49,0.1,93.2,NOMINAL
2026-10-06 16:17:48.981,1.3222383587793686e+144,-3.707579097976284e+146,0.05,52.44,0.1,93.2,NOMINAL
2026-10-06 16:17:49.082,-1.721565713110205e+145,3.020316916830583e+147,35.0,52.84,0.1,93.1,NOMINAL
2026-10-06 16:17:49.183,1.338001887104271e+146,-3.7834116404016365e+147,0.0,52.79,0.1,93.1,NOMINAL
2026-10-06 16:17:49.284,-5.537039330965474e+145,-3.180537597620175e+149,35.0,53.19,0.1,93.0,NOMINAL
2026-10-06 16:17:49.384,-1.595805838141053e+148,6.0554800249197175e+150,35.0,53.59,0.1,92.9,NOMINAL
2026-10-06 16:17:49.485,2.8681594286457537e+149,-6.681484530687505e+151,0.0,53.54,0.1,92.9,NOMINAL
2026-10-06 16:17:49.587,-3.0539263224791775e+150,4.0361382191412294e+152,35.0,53.94,0.1,92.8,NOMINAL
2026-10-06 16:17:49.686,1.7126764773226972e+151,1.911119235642482e+153,0.0,53.88,0.1,92.8,NOMINAL
2026-10-06 16:17:49.786,1.1268272655535109e+152,-9.212043916269142e+154,0.0,53.82,0.1,92.8,NOMINAL
2026-10-06 16:17:49.887,-4.49333923157922e+153,1.3800721744490092e+156,35.0,54.23,0.1,92.7,NOMINAL
2026-10-06 16:17:49.988,6.451026949087124e+154,-1.2542706668003554e+157,0.0,54.17,0.1,92.7,NOMINAL
2026-10-06 16:17:50.089,-5.626250639093065e+155,4.47669284614747e+157,35.0,54.57,0.1,92.6,NOMINAL
2026-10-06 16:17:50.189,1.6757213591644287e+156,9.301536895336168e+158,0.0,54.51,0.1,92.6,NOMINAL
2026-10-06 16:17:50.289,4.8183405835845266e+157,-2.3490794419180567e+160,0.04,54.45,0.1,92.6,NOMINAL
2026-10-06 16:17:50.390,-1.1263563151231831e+159,2.95485324151826e+161,35.0,54.85,0.1,92.5,NOMINAL
2026-10-06 16:17:50.491,1.3647909892468118e+160,-2.1582824126613413e+162,0.0,54.79,0.1,92.5,NOMINAL
2026-10-06 16:17:50.592,-9.426621074059895e+160,3.1711283746647676e+161,35.0,55.19,0.1,92.4,NOMINAL
2026-10-06 16:17:50.692,-7.841056886727511e+160,2.9619141050350983e+164,35.0,55.59,0.1,92.3,NOMINAL
2026-10-06 16:17:50.793,1.4731159956308215e+163,-5.518763287425814e+165,0.03,55.53,0.1,92.3,NOMINAL
2026-10-06 16:17:50.894,-2.612070044149825e+164,5.952098182650958e+166,35.0,55.93,0.1,92.2,NOMINAL
2026-10-06 16:17:50.994,2.7148420869104965e+165,-3.246204871426341e+167,0.04,55.86,0.1,92.2,NOMINAL
2026-10-06 16:17:51.094,-1.3516182270221209e+166,-1.8721162376995863e+168,35.0,56.26,0.1,92.1,NOMINAL
2026-10-06 16:17:51.196,-1.0712199415520053e+167,7.392561057238444e+169,35.0,56.66,0.1,92.0,NOMINAL
2026-10-06 16:17:51.296,3.5891585344640216e+168,-1.0966997093851453e+171,0.02,56.6,0.1,92.0,NOMINAL
2026-10-06 16:17:51.397,-5.124582693479325e+169,9.867493016463222e+171,35.0,56.99,0.1,91.9,NOMINAL
2026-10-06 16:17:51.498,4.421288238883679e+170,-2.8395199907737716e+172,0.0,56.93,0.1,91.9,NOMINAL
2026-10-06 16:17:51.599,-9.77631171498518e+170,-7.572249203514512e+173,35.0,57.32,0.1,91.8,NOMINAL
2026-10-06 16:17:51.700,-3.8838877189071084e+172,1.6871703885145832e+175,35.0,57.72,0.1,91.7,NOMINAL
2026-10-06 16:17:51.801,8.047463170682206e+173,-2.0417863170013595e+176,0.0,57.65,0.1,91.7,NOMINAL
2026-10-06 16:17:51.902,-9.404185267938577e+174,1.4413222069701646e+177,35.0,58.05,0.1,91.6,NOMINAL
2026-10-06 16:17:52.003,6.266192508056965e+175,2.0078866551699576e+177,0.0,57.98,0.1,91.6,NOMINAL
2026-10-06 16:17:52.103,1.6305625783906754e+176,-2.3994295293584633e+179,0.0,57.91,0.1,91.6,NOMINAL
2026-10-06 16:17:52.205,-1.183409138895325e+178,3.9731280704177126e+180,35.0,58.31,0.1,91.5,NOMINAL
2026-10-06 16:17:52.306,1.868223121319324e+179,-3.964556991922568e+181,0.03,58.24,0.1,91.5,NOMINAL
2026-10-06 16:17:52.406,-1.7954561838293517e+180,1.9103977023624145e+182,35.0,58.63,0.1,91.4,NOMINAL
2026-10-06 16:17:52.507,7.756532327982721e+180,2.0270209729511926e+183,0.0,58.57,0.1,91.4,NOMINAL
2026-10-06 16:17:52.608,1.0910758097554236e+182,-6.434738671685762e+184,0.02,58.5,0.1,91.4,NOMINAL
2026-10-06 16:17:52.709,-3.1082617548673386e+183,8.757981555514633e+185,35.0,58.89,0.1,91.3,NOMINAL
2026-10-06 16:17:52.810,4.068164602270583e+184,-7.135651160260595e+186,0.0,58.82,0.1,91.3,NOMINAL
2026-10-06 16:17:52.911,-3.1610091199032394e+185,1.3924485958963679e+187,35.0,59.22,0.1,91.2,NOMINAL
2026-10-06 16:17:53.012,3.8012338595786e+185,7.419382917603484e+188,0.0,59.15,0.1,91.2,NOMINAL
2026-10-06 16:17:53.112,3.747703797397528e+187,-1.5671874543753194e+190,0.0,59.08,0.1,91.2,NOMINAL
2026-10-06 16:17:53.213,-7.461166892136844e+188,1.816629119655893e+191,35.0,59.47,0.1,91.1,NOMINAL
2026-10-06 16:17:53.314,8.337028909065781e+189,-1.1547755479705219e+192,0.04,59.4,0.1,91.1,NOMINAL
2026-10-06 16:17:53.415,-4.940174848946031e+190,-2.8308034519476093e+192,35.0,59.79,0.1,91.0,NOMINAL
2026-10-06 16:17:53.516,-1.9094192108684078e+191,1.9584431329834995e+194,35.0,60.18,0.1,90.9,NOMINAL
2026-10-06 16:17:53.617,9.601273743830656e+192,-3.202915003857091e+195,0.0,60.11,0.1,90.8,NOMINAL
2026-10-06 16:17:53.718,-1.505444764490239e+194,3.137140906314403e+196,35.0,60.5,0.1,90.7,NOMINAL
2026-10-06 16:17:53.818,1.4180259767081776e+195,-1.2998973286124516e+197,0.04,60.43,0.1,90.6,NOMINAL
2026-10-06 16:17:53.920,-5.081460666354081e+195,-1.709302710699279e+198,35.0,60.82,0.1,90.5,NOMINAL
2026-10-06 16:17:54.020,-9.054659620131804e+196,4.6427918965926344e+199,35.0,61.21,0.1,90.4,NOMINAL
2026-10-06 16:17:54.121,2.2308493520949993e+198,-6.14196551007576e+200,0.0,61.13,0.1,90.3,NOMINAL
2026-10-06 16:17:54.222,-2.84789781982838e+199,4.8862474249246745e+201,35.0,61.52,0.1,90.2,NOMINAL
2026-10-06 16:17:54.323,2.1583339304794996e+200,-4.1074316276389116e+201,0.0,61.45,0.1,90.1,NOMINAL
2026-10-06 16:17:54.424,1.046181166600438e+199,-5.49937227901051e+203,0.04,61.38,0.1,90.0,NOMINAL
2026-10-06 16:17:54.525,-2.7486399583386543e+202,1.0162122990938672e+205,35.0,61.76,0.1,89.9,NOMINAL
2026-10-06 16:17:54.626,4.806197499635471e+203,-1.0986402589076637e+206,0.0,61.69,0.1,89.8,NOMINAL
2026-10-06 16:17:54.727,-5.012581544574771e+204,6.375571022931532e+206,35.0,62.07,0.1,89.7,NOMINAL
2026-10-06 16:17:54.827,2.686527357008289e+205,3.6236532789540225e+207,0.0,62.0,0.1,89.6,NOMINAL
2026-10-06 16:17:54.928,2.08047937517784e+206,-1.5669336376154013e+209,0.0,61.93,0.1,89.5,NOMINAL
2026-10-06 16:17:55.029,-7.626620250559223e+207,2.2999248353041938e+210,35.0,62.31,0.1,89.4,NOMINAL
2026-10-06 16:17:55.130,1.0736962151465047e+209,-2.0458743910093014e+211,0.0,62.24,0.1,89.3,NOMINAL
2026-10-06 16:17:55.231,-9.155675739900004e+209,6.680038594691236e+211,35.0,62.62,0.1,89.2,NOMINAL
2026-10-06 16:17:55.330,2.4244517233556175e+210,1.631843325550712e+213,0.0,62.55,0.1,89.1,NOMINAL
2026-10-06 16:17:55.431,8.401661800089123e+211,-3.955995566885136e+214,0.02,62.47,0.1,89.0,NOMINAL
2026-10-06 16:17:55.531,-1.8939811654416766e+213,4.8927991407410165e+215,35.0,62.86,0.1,88.9,NOMINAL
2026-10-06 16:17:55.633,2.2570014538263407e+214,-3.4810492924365594e+216,0.04,62.78,0.1,88.8,NOMINAL
2026-10-06 16:17:55.734,-1.5148245008356457e+215,-1.1052808635729386e+216,35.0,63.16,0.1,88.7,NOMINAL
2026-10-06 16:17:55.835,-2.067464932622115e+215,4.60131782768417e+218,35.0,63.55,0.1,88.6,NOMINAL
2026-10-06 16:17:55.936,2.279984264515864e+217,-8.300247129951666e+219,0.01,63.47,0.1,88.5,NOMINAL
2026-10-06 16:17:56.036,-3.922125138524247e+218,8.733164138692556e+220,35.0,63.85,0.1,88.4,NOMINAL
2026-10-06 16:17:56.138,3.974369555493854e+219,-4.480718305896355e+221,0.0,63.77,0.1,88.3,NOMINAL
2026-10-06 16:17:56.238,-1.842922197398792e+220,-3.2429445176135856e+222,35.0,64.16,0.1,88.2,NOMINAL
2026-10-06 16:17:56.339,-1.8057644785466721e+221,1.135913349306895e+224,35.0,64.54,0.1,88.1,NOMINAL
2026-10-06 16:17:56.440,5.4989902986798084e+222,-1.6339496945475182e+225,0.0,64.46,0.1,88.0,NOMINAL
2026-10-06 16:17:56.541,-7.619849442869611e+223,1.426199243121155e+226,35.0,64.84,0.1,87.9,NOMINAL
2026-10-06 16:17:56.642,6.369011271318815e+224,-3.4207186704233615e+226,0.04,64.76,0.1,87.8,NOMINAL
2026-10-06 16:17:56.743,-1.0734582080797993e+225,-1.2145864479596386e+228,35.0,65.14,0.1,87.7,NOMINAL
2026-10-06 16:17:56.843,-6.180278060606173e+226,2.562651811600699e+229,35.0,65.52,0.1,87.6,NOMINAL
2026-10-06 16:17:56.945,1.2195231251942878e+228,-3.011225769362635e+230,0.0,65.44,0.1,87.5,NOMINAL
2026-10-06 16:17:57.045,-1.3836605721618886e+229,2.0309228260713114e+231,35.0,65.82,0.1,87.4,NOMINAL
2026-10-06 16:17:57.146,8.770953558194668e+229,4.707374156755929e+231,0.01,65.73,0.1,87.3,NOMINAL
2026-10-06 16:17:57.247,3.230782434197432e+230,-3.7280729322064133e+233,0.04,65.65,0.1,87.2,NOMINAL
2026-10-06 16:17:57.348,-1.8317286417612324e+232,5.970843175725434e+234,35.0,66.03,0.1,87.1,NOMINAL
2026-10-06 16:17:57.449,2.802248723686594e+233,-5.786943387031176e+235,0.05,65.95,0.1,87.0,NOMINAL
2026-10-06 16:17:57.548,-2.613246821146929e+234,2.5703274096693457e+236,35.0,66.33,0.1,86.9,NOMINAL
2026-10-06 16:17:57.649,1.02383902271998e+235,3.3609904723334816e+237,0.04,66.24,0.1,86.8,NOMINAL
2026-10-06 16:17:57.751,1.7828791384387387e+236,-9.828848624739327e+238,0.02,66.16,0.1,86.7,NOMINAL
2026-10-06 16:17:57.851,-4.7361363985257896e+237,1.3040073538305546e+240,35.0,66.54,0.1,86.6,NOMINAL
2026-10-06 16:17:57.952,6.046423129300195e+238,-1.0277526080420198e+241,0.0,66.45,0.1,86.5,NOMINAL
2026-10-06 16:17:58.053,-4.53412072728008e+239,1.4632802630175636e+241,35.0,66.83,0.1,86.4,NOMINAL
2026-10-06 16:17:58.154,2.7822805878077386e+239,1.1685660788849814e+243,0.01,66.75,0.1,86.3,NOMINAL
2026-10-06 16:17:58.255,5.870653200302985e+241,-2.3656383908834466e+244,0.0,66.66,0.1,86.2,NOMINAL
2026-10-06 16:17:58.356,-1.1241126634386935e+243,2.680196017860788e+245,35.0,67.04,0.1,86.1,NOMINAL
2026-10-06 16:17:58.457,1.2276867425865246e+244,-1.6288969903437609e+246,0.0,66.96,0.1,86.0,NOMINAL
2026-10-06 16:17:58.558,-6.91679820913228e+244,-5.491749520227045e+246,35.0,67.33,0.1,85.9,NOMINAL
2026-10-06 16:17:58.659,-3.4375545810267506e+245,3.025295290426609e+248,35.0,67.71,0.1,85.8,NOMINAL
2026-10-06 16:17:58.760,1.4782720994030372e+247,-4.791309564041766e+249,0.03,67.62,0.1,85.7,NOMINAL
2026-10-06 16:17:58.861,-2.247827572080579e+248,4.571181711161253e+250,35.0,68.0,0.1,85.6,NOMINAL
2026-10-06 16:17:58.962,2.0608080983725687e+249,-1.7201727779786685e+251,0.01,67.91,0.1,85.5,NOMINAL
2026-10-06 16:17:59.063,-6.540055791520774e+249,-2.7964012662788852e+252,35.0,68.28,0.1,85.4,NOMINAL
2026-10-06 16:17:59.164,-1.4636011910546503e+251,7.080936618668656e+253,35.0,68.66,0.1,85.3,NOMINAL
2026-10-06 16:17:59.265,3.394108190228863e+252,-9.102595123281108e+254,0.0,68.57,0.1,85.2,NOMINAL
2026-10-06 16:17:59.365,-4.211886742617668e+253,6.986740354395056e+255,35.0,68.94,0.1,85.1,NOMINAL
2026-10-06 16:17:59.466,3.072181502935762e+254,-1.3903668044633118e+255,0.0,68.85,0.1,85.0,NOMINAL
2026-10-06 16:17:59.567,2.376998100704106e+254,-8.651448030954305e+257,0.03,68.76,0.1,84.9,NOMINAL
2026-10-06 16:17:59.668,-4.301954034470112e+256,1.5344641321216528e+259,35.0,69.14,0.1,84.8,NOMINAL
2026-10-06 16:17:59.769,7.242125257161253e+257,-1.6103636740744813e+260,0.0,69.05,0.1,84.7,NOMINAL
2026-10-06 16:17:59.870,-7.327605844656281e+258,8.773262876871545e+260,35.0,69.42,0.1,84.6,NOMINAL
2026-10-06 16:17:59.971,3.653870853970145e+259,6.36557889825471e+261,0.04,69.33,0.1,84.5,NOMINAL
2026-10-06 16:18:00.072,3.5481765345243696e+260,-2.4111114207840512e+263,0.0,69.24,0.1,84.4,NOMINAL
2026-10-06 16:18:00.173,-1.170073945046782e+262,3.4383553818288113e+264,35.0,69.61,0.1,84.3,NOMINAL
2026-10-06 16:18:00.274,1.6021702964097275e+263,-2.962588608962472e+265,0.0,69.52,0.1,84.2,NOMINAL
2026-10-06 16:18:00.375,-1.3210772748402634e+264,8.299616864835973e+265,35.0,69.89,0.1,84.1,NOMINAL
2026-10-06 16:18:00.475,2.8287311575777236e+264,2.6162115182617783e+267,0.0,69.8,0.1,84.0,NOMINAL
2026-10-06 16:18:00.576,1.3363930707066664e+266,-6.003199322205326e+268,0.01,69.71,0.1,83.9,NOMINAL
2026-10-06 16:18:00.677,-2.8679603540319965e+267,7.246499838073534e+269,35.0,70.08,0.1,83.8,NOMINAL
2026-10-06 16:18:00.778,3.3364538836335676e+268,-4.953865881324751e+270,0.0,69.99,0.1,83.7,NOMINAL
2026-10-06 16:18:00.879,-2.1432875522990188e+269,-5.183609950893818e+270,35.0,70.36,0.1,83.6,NOMINAL
2026-10-06 16:18:00.980,-4.735092527745928e+269,7.181177072818202e+272,35.0,70.73,0.1,83.5,NOMINAL
2026-10-06 16:18:01.081,3.543237611131642e+271,-1.2470630258128707e+274,0.0,70.64,0.1,83.4,NOMINAL
2026-10-06 16:18:01.182,-5.880991367951189e+272,1.2779900496713163e+275,35.0,71.01,0.1,83.3,NOMINAL
2026-10-06 16:18:01.283,5.801851111561463e+273,-6.103213153071222e+275,0.03,70.92,0.1,83.2,NOMINAL
2026-10-06 16:18:01.383,-2.4714214653794647e+274,-5.543302113291894e+276,35.0,71.28,0.1,83.1,NOMINAL
2026-10-06 16:18:01.484,-3.018793203183894e+275,1.7446680674155468e+278,35.0,71.65,0.1,83.0,NOMINAL
2026-10-06 16:18:01.585,8.421461016759345e+276,-2.431006486026971e+279,0.0,71.56,0.1,82.9,NOMINAL
2026-10-06 16:18:01.686,-1.1312886328458922e+278,2.0523426999744955e+280,35.0,71.92,0.1,82.8,NOMINAL
2026-10-06 16:18:01.786,9.130424867026587e+278,-3.807111984892068e+280,0.0,71.83,0.1,82.7,NOMINAL
2026-10-06 16:18:01.886,-9.905135057433756e+278,-1.9438995824497177e+282,35.0,72.2,0.1,82.6,NOMINAL
2026-10-06 16:18:01.988,-9.818549262822926e+280,3.8902811538803135e+283,35.0,72.56,0.1,82.5,NOMINAL
2026-10-06 16:18:02.089,1.8469550843119277e+282,-4.4313811668256794e+284,0.05,72.47,0.1,82.4,NOMINAL
2026-10-06 16:18:02.190,-2.030995074981647e+283,2.837205014869598e+285,35.0,72.83,0.1,82.3,NOMINAL
2026-10-06 16:18:02.290,1.2155029999366343e+284,9.720569275373703e+285,0.0,72.74,0.1,82.2,NOMINAL
2026-10-06 16:18:02.391,6.075787637623486e+284,-5.789261190032505e+287,0.0,72.64,0.1,82.1,NOMINAL
2026-10-06 16:18:02.492,-2.833872718640018e+286,8.964808400133206e+288,35.0,73.0,0.1,82.0,NOMINAL
2026-10-06 16:18:02.593,4.1990169282026013e+287,-8.420234478364929e+289,0.0,72.91,0.1,81.9,NOMINAL
2026-10-06 16:18:02.694,-3.7902155463622047e+288,3.387246855005131e+290,35.0,73.27,0.1,81.8,NOMINAL
2026-10-06 16:18:02.795,1.314601872866345e+289,5.54041209505283e+291,0.0,73.17,0.1,81.7,NOMINAL
2026-10-06 16:18:02.896,2.9016662348130496e+290,-1.5006429615464426e+293,0.04,73.08,0.1,81.6,NOMINAL
2026-10-06 16:18:02.996,-7.213048184250908e+291,1.9388074642998691e+294,35.0,73.44,0.1,81.5,NOMINAL
2026-10-06 16:18:03.097,8.972732503074257e+292,-1.473091158585612e+295,0.0,73.34,0.1,81.4,NOMINAL
2026-10-06 16:18:03.198,-6.468182542620634e+293,1.2091552683159937e+295,35.0,73.71,0.1,81.3,NOMINAL
2026-10-06 16:18:03.299,-4.224062010406656e+292,1.8386238126026186e+297,35.0,74.07,0.1,81.2,NOMINAL
2026-10-06 16:18:03.400,9.188895001002686e+295,-3.568260349909778e+298,0.04,73.97,0.1,81.1,NOMINAL
2026-10-06 16:18:03.502,-1.6922412249448624e+297,3.945881823745374e+299,35.0,74.33,0.1,81.0,NOMINAL
2026-10-06 16:18:03.603,1.8037167893782009e+298,-2.2784839564684016e+300,0.01,74.23,0.1,80.9,NOMINAL
2026-10-06 16:18:03.703,-9.588702992963806e+298,-1.0188231760291894e+301,35.0,74.59,0.1,80.8,NOMINAL
2026-10-06 16:18:03.804,-6.0529861794423276e+299,4.67120347011158e+302,35.0,74.96,0.1,80.7,NOMINAL
2026-10-06 16:18:03.905,2.275071873261367e+301,-7.159203080179207e+303,0.0,74.86,0.1,80.6,NOMINAL
2026-10-06 16:18:04.006,-3.352094352763467e+302,6.638311015005437e+304,35.0,75.21,0.1,80.5,NOMINAL
2026-10-06 16:18:04.107,2.983946072226372e+303,-inf,0.04,75.11,0.1,80.4,NOMINAL
2026-10-06 16:18:04.208,-inf,nan,35.0,75.47,0.1,80.3,NOMINAL
2026-10-06 16:18:04.308,nan,nan,0.0,75.37,0.1,80.2,NOMINAL
2026-10-06 16:18:04.409,nan,nan,0.04,75.27,0.1,80.1,NOMINAL
2026-10-06 16:18:04.510,nan,nan,0.02,75.17,0.1,80.0,NOMINAL
2026-10-06 16:18:04.611,nan,nan,0.01,75.07,0.1,79.9,WARNING
2026-10-06 16:18:04.711,nan,nan,0.05,74.97,0.1,79.8,WARNING
2026-10-06 16:18:04.812,nan,nan,0.0,74.87,0.1,79.7,WARNING
2026-10-06 16:18:04.913,nan,nan,0.02,74.77,0.1,79.6,WARNING
2026-10-06 16:18:05.014,nan,nan,0.02,74.67,0.1,79.5,WARNING
2026-10-06 16:18:05.115,nan,nan,0.0,74.57,0.1,79.4,WARNING
2026-10-06 16:18:05.216,nan,nan,0.03,74.47,0.1,79.3,WARNING
2026-10-06 16:18:05.316,nan,nan,0.0,74.37,0.1,79.2,WARNING
2026-10-06 16:18:05.417,nan,nan,0.01,74.28,0.1,79.1,WARNING
2026-10-06 16:18:05.518,nan,nan,0.02,74.18,0.101,78.6,WARNING
2026-10-06 16:18:05.619,nan,nan,0.04,74.08,0.102,78.1,WARNING
2026-10-06 16:18:05.720,nan,nan,0.0,73.98,0.103,77.6,WARNING
2026-10-06 16:18:05.821,nan,nan,0.04,73.88,0.104,77.1,WARNING
2026-10-06 16:18:05.921,nan,nan,0.0,73.78,0.105,76.6,WARNING
2026-10-06 16:18:06.022,nan,nan,0.03,73.69,0.106,76.1,WARNING
2026-10-06 16:18:06.123,nan,nan,0.04,73.59,0.107,75.6,WARNING
2026-10-06 16:18:06.224,nan,nan,0.0,73.49,0.108,75.1,WARNING
2026-10-06 16:18:06.325,nan,nan,0.02,73.4,0.109,74.6,WARNING
2026-10-06 16:18:06.425,nan,nan,0.0,73.3,0.11,74.1,WARNING
2026-10-06 16:18:06.526,nan,nan,0.03,73.2,0.112,73.6,WARNING
2026-10-06 16:18:06.627,nan,nan,0.0,73.11,0.113,73.1,WARNING
2026-10-06 16:18:06.728,nan,nan,0.03,73.01,0.114,72.6,WARNING
2026-10-06 16:18:06.828,nan,nan,0.04,72.91,0.115,72.1,WARNING
2026-10-06 16:18:06.930,nan,nan,0.0,72.82,0.116,71.6,WARNING
2026-10-06 16:18:07.030,nan,nan,0.0,72.72,0.117,71.1,WARNING
2026-10-06 16:18:07.131,nan,nan,0.04,72.63,0.118,70.6,WARNING
2026-10-06 16:18:07.232,nan,nan,0.0,72.53,0.12,70.1,WARNING
2026-10-06 16:18:07.332,nan,nan,0.03,72.44,0.121,69.6,WARNING
2026-10-06 16:18:07.433,nan,nan,0.0,72.34,0.122,69.1,WARNING
2026-10-06 16:18:07.534,nan,nan,0.0,72.25,0.123,68.6,WARNING
2026-10-06 16:18:07.635,nan,nan,0.0,72.15,0.124,68.1,WARNING
2026-10-06 16:18:07.736,nan,nan,0.0,72.06,0.126,67.6,WARNING
2026-10-06 16:18:07.836,nan,nan,0.0,71.96,0.127,67.1,WARNING
2026-10-06 16:18:07.937,nan,nan,0.0,71.87,0.128,66.6,WARNING
2026-10-06 16:18:08.038,nan,nan,0.0,71.78,0.13,66.1,WARNING
2026-10-06 16:18:08.139,nan,nan,0.0,71.68,0.131,65.6,WARNING
2026-10-06 16:18:08.240,nan,nan,0.01,71.59,0.132,65.1,WARNING
2026-10-06 16:18:08.341,nan,nan,0.01,71.5,0.133,64.6,WARNING
2026-10-06 16:18:08.441,nan,nan,0.0,71.4,0.135,64.1,WARNING
2026-10-06 16:18:08.542,nan,nan,0.03,71.31,0.136,63.6,WARNING
2026-10-06 16:18:08.643,nan,nan,0.01,71.22,0.137,63.1,WARNING
2026-10-06 16:18:08.743,nan,nan,0.0,71.13,0.139,62.6,WARNING
2026-10-06 16:18:08.844,nan,nan,0.0,71.03,0.14,62.1,WARNING
2026-10-06 16:18:08.945,nan,nan,0.0,70.94,0.142,61.6,WARNING
2026-10-06 16:18:09.046,nan,nan,0.0,70.85,0.143,61.1,WARNING
2026-10-06 16:18:09.146,nan,nan,0.01,70.76,0.145,60.6,WARNING
2026-10-06 16:18:09.247,nan,nan,0.0,70.67,0.146,60.1,WARNING
2026-10-06 16:18:09.348,nan,nan,0.03,70.57,0.147,59.6,WARNING
2026-10-06 16:18:09.448,nan,nan,0.0,70.48,0.149,59.1,WARNING
2026-10-06 16:18:09.549,nan,nan,0.04,70.39,0.15,58.6,WARNING
2026-10-06 16:18:09.650,nan,nan,0.0,70.3,0.152,58.1,WARNING
2026-10-06 16:18:09.751,nan,nan,0.02,70.21,0.153,57.6,WARNING
2026-10-06 16:18:09.851,nan,nan,0.0,70.12,0.155,57.1,WARNING
2026-10-06 16:18:09.952,nan,nan,0.0,70.03,0.156,56.6,WARNING
2026-10-06 16:18:10.053,nan,nan,0.0,69.94,0.158,56.1,WARNING
2026-10-06 16:18:10.154,nan,nan,0.02,69.85,0.16,55.6,WARNING
2026-10-06 16:18:10.254,nan,nan,0.04,69.76,0.161,55.1,WARNING
2026-10-06 16:18:10.355,nan,nan,0.02,69.67,0.163,54.6,WARNING
2026-10-06 16:18:10.456,nan,nan,0.0,69.58,0.164,54.1,WARNING
2026-10-06 16:18:10.557,nan,nan,0.03,69.49,0.166,53.6,WARNING
2026-10-06 16:18:10.658,nan,nan,0.0,69.4,0.168,53.1,WARNING
2026-10-06 16:18:10.758,nan,nan,0.0,69.31,0.169,52.6,WARNING
2026-10-06 16:18:10.858,nan,nan,0.0,69.23,0.171,52.1,WARNING
2026-10-06 16:18:10.959,nan,nan,0.02,69.14,0.173,51.6,WARNING
2026-10-06 16:18:11.060,nan,nan,0.02,69.05,0.175,51.1,WARNING
2026-10-06 16:18:11.161,nan,nan,0.03,68.96,0.176,50.6,WARNING
2026-10-06 16:18:11.261,nan,nan,0.0,68.87,0.178,50.1,WARNING
2026-10-06 16:18:11.362,nan,nan,0.04,68.79,0.18,49.6,CRITICAL
2026-10-06 16:18:11.463,nan,nan,0.0,68.7,0.182,49.1,CRITICAL
2026-10-06 16:18:11.563,nan,nan,0.02,68.61,0.183,48.6,CRITICAL
2026-10-06 16:18:11.664,nan,nan,0.0,68.52,0.185,48.1,CRITICAL
2026-10-06 16:18:11.765,nan,nan,0.0,68.44,0.187,47.6,CRITICAL
2026-10-06 16:18:11.865,nan,nan,0.02,68.35,0.189,47.1,CRITICAL
2026-10-06 16:18:11.966,nan,nan,0.01,68.26,0.191,46.6,CRITICAL
2026-10-06 16:18:12.067,nan,nan,0.03,68.18,0.193,46.1,CRITICAL
2026-10-06 16:18:12.168,nan,nan,0.02,68.09,0.195,45.6,CRITICAL
2026-10-06 16:18:12.268,nan,nan,0.02,68.0,0.197,45.1,CRITICAL
2026-10-06 16:18:12.369,nan,nan,0.0,67.92,0.199,44.6,CRITICAL
2026-10-06 16:18:12.470,nan,nan,0.0,67.83,0.201,44.1,CRITICAL
2026-10-06 16:18:12.571,nan,nan,0.0,67.75,0.203,43.6,CRITICAL
2026-10-06 16:18:12.671,nan,nan,0.05,67.66,0.205,43.1,CRITICAL
2026-10-06 16:18:12.772,nan,nan,0.0,67.58,0.207,42.6,CRITICAL
2026-10-06 16:18:12.873,nan,nan,0.01,67.49,0.209,42.1,CRITICAL
2026-10-06 16:18:12.974,nan,nan,0.04,67.41,0.211,41.6,CRITICAL
2026-10-06 16:18:13.075,nan,nan,0.0,67.32,0.213,41.1,CRITICAL
2026-10-06 16:18:13.176,nan,nan,0.0,67.24,0.215,40.6,CRITICAL
2026-10-06 16:18:13.276,nan,nan,0.0,67.15,0.217,40.1,CRITICAL
2026-10-06 16:18:13.377,nan,nan,0.0,67.07,0.219,39.6,CRITICAL
2026-10-06 16:18:13.478,nan,nan,0.0,66.98,0.222,39.1,CRITICAL
2026-10-06 16:18:13.579,nan,nan,0.0,66.9,0.224,38.6,CRITICAL
2026-10-06 16:18:13.680,nan,nan,0.03,66.82,0.226,38.1,CRITICAL
2026-10-06 16:18:13.781,nan,nan,0.0,66.73,0.228,37.6,CRITICAL
2026-10-06 16:18:13.881,nan,nan,0.0,66.65,0.231,37.1,CRITICAL
2026-10-06 16:18:13.982,nan,nan,0.0,66.56,0.233,36.6,CRITICAL
2026-10-06 16:18:14.083,nan,nan,0.0,66.48,0.235,36.1,CRITICAL
2026-10-06 16:18:14.185,nan,nan,0.0,66.4,0.238,35.6,CRITICAL
2026-10-06 16:18:14.287,nan,nan,0.0,66.32,0.24,35.1,CRITICAL
2026-10-06 16:18:14.391,nan,nan,0.0,66.23,0.242,34.6,CRITICAL
2026-10-06 16:18:14.490,nan,nan,0.0,66.15,0.245,34.1,CRITICAL
2026-10-06 16:18:14.590,nan,nan,0.0,66.07,0.247,33.6,CRITICAL
2026-10-06 16:18:14.691,nan,nan,0.04,65.99,0.25,33.1,CRITICAL
2026-10-06 16:18:14.792,nan,nan,0.04,65.9,0.252,32.6,CRITICAL
2026-10-06 16:18:14.893,nan,nan,0.02,65.82,0.255,32.1,CRITICAL
2026-10-06 16:18:14.993,nan,nan,0.02,65.74,0.257,31.6,CRITICAL
2026-10-06 16:18:15.094,nan,nan,0.04,65.66,0.26,31.1,CRITICAL
2026-10-06 16:18:15.195,nan,nan,0.0,65.58,0.263,30.6,CRITICAL
2026-10-06 16:18:15.296,nan,nan,0.0,65.5,0.265,30.1,CRITICAL
2026-10-06 16:18:15.397,nan,nan,0.0,65.42,0.268,29.6,CRITICAL
2026-10-06 16:18:15.498,nan,nan,0.0,65.34,0.27,29.1,CRITICAL
2026-10-06 16:18:15.599,nan,nan,0.0,65.25,0.273,28.6,CRITICAL
2026-10-06 16:18:15.698,nan,nan,0.01,65.17,0.276,28.1,CRITICAL
2026-10-06 16:18:15.800,nan,nan,0.03,65.09,0.279,27.6,CRITICAL
2026-10-06 16:18:15.900,nan,nan,0.01,65.01,0.281,27.1,CRITICAL
2026-10-06 16:18:16.001,nan,nan,0.0,64.93,0.284,26.6,CRITICAL
2026-10-06 16:18:16.102,nan,nan,0.0,64.85,0.287,26.1,CRITICAL
2026-10-06 16:18:16.202,nan,nan,0.03,64.77,0.29,25.6,CRITICAL
2026-10-06 16:18:16.303,nan,nan,0.0,64.69,0.293,25.1,CRITICAL
2026-10-06 16:18:16.404,nan,nan,0.03,64.61,0.296,24.6,CRITICAL
2026-10-06 16:18:16.505,nan,nan,0.0,64.54,0.299,24.1,CRITICAL
2026-10-06 16:18:16.606,nan,nan,0.0,64.46,0.302,23.6,CRITICAL
2026-10-06 16:18:16.707,nan,nan,0.0,64.38,0.305,23.1,CRITICAL
2026-10-06 16:18:16.807,nan,nan,0.0,64.3,0.308,22.6,CRITICAL
2026-10-06 16:18:16.908,nan,nan,0.0,64.22,0.311,22.1,CRITICAL
2026-10-06 16:18:17.009,nan,nan,0.0,64.14,0.314,21.6,CRITICAL
2026-10-06 16:18:17.110,nan,nan,0.0,64.06,0.317,21.1,CRITICAL
2026-10-06 16:18:17.211,nan,nan,0.0,63.99,0.32,20.6,CRITICAL
2026-10-06 16:18:17.311,nan,nan,0.02,63.91,0.324,20.1,CRITICAL
2026-10-06 16:18:17.412,nan,nan,0.0,63.83,0.327,19.6,CRITICAL
2026-10-06 16:18:17.513,nan,nan,0.03,63.75,0.33,19.1,CRITICAL
2026-10-06 16:18:17.614,nan,nan,0.0,63.67,0.333,18.6,CRITICAL
2026-10-06 16:18:17.714,nan,nan,0.01,63.6,0.337,18.1,CRITICAL
2026-10-06 16:18:17.815,nan,nan,0.0,63.52,0.34,17.6,CRITICAL
2026-10-06 16:18:17.916,nan,nan,0.01,63.44,0.343,17.1,CRITICAL
2026-10-06 16:18:18.017,nan,nan,0.0,63.37,0.347,16.6,CRITICAL
2026-10-06 16:18:18.118,nan,nan,0.0,63.29,0.35,16.1,CRITICAL
2026-10-06 16:18:18.219,nan,nan,0.0,63.21,0.354,15.6,CRITICAL
2026-10-06 16:18:18.320,nan,nan,0.03,63.14,0.357,15.1,CRITICAL
2026-10-06 16:18:18.420,nan,nan,0.02,63.06,0.361,14.6,CRITICAL
2026-10-06 16:18:18.521,nan,nan,0.0,62.98,0.365,14.1,CRITICAL
2026-10-06 16:18:18.622,nan,nan,0.03,62.91,0.368,13.6,CRITICAL
2026-10-06 16:18:18.723,nan,nan,0.0,62.83,0.372,13.1,CRITICAL
2026-10-06 16:18:18.823,nan,nan,0.0,62.76,0.376,12.6,CRITICAL
2026-10-06 16:18:18.923,nan,nan,0.05,62.68,0.379,12.1,CRITICAL
2026-10-06 16:18:19.024,nan,nan,0.0,62.61,0.383,11.6,CRITICAL
2026-10-06 16:18:19.124,nan,nan,0.0,62.53,0.387,11.1,CRITICAL
2026-10-06 16:18:19.225,nan,nan,0.0,62.46,0.391,10.6,CRITICAL
2026-10-06 16:18:19.326,nan,nan,0.05,62.38,0.395,10.1,CRITICAL
2026-10-06 16:18:19.427,nan,nan,0.04,62.31,0.399,9.6,CRITICAL
2026-10-06 16:18:19.528,nan,nan,0.0,62.23,0.403,9.1,CRITICAL
2026-10-06 16:18:19.629,nan,nan,0.05,62.16,0.407,8.6,CRITICAL
2026-10-06 16:18:19.730,nan,nan,0.0,62.08,0.411,8.1,CRITICAL
2026-10-06 16:18:19.831,nan,nan,0.03,62.01,0.415,7.6,CRITICAL
2026-10-06 16:18:19.931,nan,nan,0.04,61.93,0.419,7.1,CRITICAL
2026-10-06 16:18:20.032,nan,nan,0.0,61.86,0.423,6.6,CRITICAL
2026-10-06 16:18:20.133,nan,nan,0.0,61.79,0.427,6.1,CRITICAL
2026-10-06 16:18:20.234,nan,nan,0.0,61.71,0.432,5.6,CRITICAL
2026-10-06 16:18:20.334,nan,nan,0.0,61.64,0.436,5.1,CRITICAL
2026-10-06 16:18:20.435,nan,nan,0.04,61.57,0.44,4.6,CRITICAL
2026-10-06 16:18:20.535,nan,nan,0.0,61.49,0.445,4.1,CRITICAL
2026-10-06 16:18:20.636,nan,nan,0.04,61.42,0.449,3.6,CRITICAL
2026-10-06 16:18:20.737,nan,nan,0.0,61.35,0.454,3.1,CRITICAL
2026-10-06 16:18:20.837,nan,nan,0.01,61.27,0.458,2.6,CRITICAL
2026-10-06 16:18:20.938,nan,nan,0.0,61.2,0.463,2.1,CRITICAL
2026-10-06 16:18:21.039,nan,nan,0.01,61.13,0.468,1.6,CRITICAL
2026-10-06 16:18:21.140,nan,nan,0.0,61.06,0.472,1.1,CRITICAL
2026-10-06 16:18:21.241,nan,nan,0.04,60.99,0.477,0.6,CRITICAL
2026-10-06 16:18:21.346,nan,nan,0.0,60.91,0.482,0.1,CRITICAL
2026-10-06 16:18:21.443,nan,nan,0.03,60.84,0.487,0.0,CRITICAL
2026-10-06 16:18:21.543,nan,0.0,0.0,60.77,0.487,0.0,CRITICAL
2026-10-06 16:18:21.644,nan,0.0,0.0,60.7,0.487,0.0,CRITICAL
2026-10-06 16:18:21.745,nan,0.0,0.0,60.63,0.487,0.0,CRITICAL
2026-10-06 16:18:21.845,nan,0.0,0.0,60.56,0.487,0.0,CRITICAL
2026-10-06 16:18:21.946,nan,0.0,0.0,60.48,0.487,0.0,CRITICAL
2026-10-06 16:18:22.047,nan,0.0,0.0,60.41,0.487,0.0,CRITICAL
2026-10-06 16:18:22.148,nan,0.0,0.0,60.34,0.487,0.0,CRITICAL
2026-10-06 16:18:22.248,nan,0.0,0.0,60.27,0.487,0.0,CRITICAL
2026-10-06 16:18:22.349,nan,0.0,0.0,60.2,0.487,0.0,CRITICAL
2026-10-06 16:18:22.450,nan,0.0,0.0,60.13,0.487,0.0,CRITICAL
2026-10-06 16:18:22.551,nan,0.0,0.0,60.06,0.487,0.0,CRITICAL
2026-10-06 16:18:22.651,nan,0.0,0.0,59.99,0.487,0.0,CRITICAL
2026-10-06 16:18:22.752,nan,0.0,0.0,59.92,0.487,0.0,CRITICAL
2026-10-06 16:18:22.853,nan,0.0,0.0,59.85,0.487,0.0,CRITICAL
2026-10-06 16:18:22.953,nan,0.0,0.0,59.78,0.487,0.0,CRITICAL
2026-10-06 16:18:23.054,nan,0.0,0.0,59.71,0.487,0.0,CRITICAL
2026-10-06 16:18:23.154,nan,0.0,0.0,59.64,0.487,0.0,CRITICAL
2026-10-06 16:18:23.255,nan,0.0,0.0,59.57,0.487,0.0,CRITICAL
2026-10-06 16:18:23.356,nan,0.0,0.0,59.5,0.487,0.0,CRITICAL
2026-10-06 16:18:23.456,nan,0.0,0.0,59.43,0.487,0.0,CRITICAL
2026-10-06 16:18:23.557,nan,0.0,0.0,59.37,0.487,0.0,CRITICAL
2026-10-06 16:18:23.658,nan,0.0,0.0,59.3,0.487,0.0,CRITICAL
2026-10-06 16:18:23.759,nan,0.0,0.0,59.23,0.487,0.0,CRITICAL
2026-10-06 16:18:23.859,nan,0.0,0.0,59.16,0.487,0.0,CRITICAL
2026-10-06 16:18:23.960,nan,0.0,0.0,59.09,0.487,0.0,CRITICAL
2026-10-06 16:18:24.061,nan,0.0,0.0,59.02,0.487,0.0,CRITICAL
2026-10-06 16:18:24.162,nan,0.0,0.0,58.96,0.487,0.0,CRITICAL
2026-10-06 16:18:24.263,nan,0.0,0.0,58.89,0.487,0.0,CRITICAL
2026-10-06 16:18:24.363,nan,0.0,0.0,58.82,0.487,0.0,CRITICAL
2026-10-06 16:18:24.464,nan,0.0,0.0,58.75,0.487,0.0,CRITICAL
2026-10-06 16:18:24.565,nan,0.0,0.0,58.68,0.487,0.0,CRITICAL
2026-10-06 16:18:24.666,nan,0.0,0.0,58.62,0.487,0.0,CRITICAL
2026-10-06 16:18:24.766,nan,0.0,0.0,58.55,0.487,0.0,CRITICAL
2026-10-06 16:18:24.867,nan,0.0,0.0,58.48,0.487,0.0,CRITICAL
2026-10-06 16:18:24.968,nan,0.0,0.0,58.42,0.487,0.0,CRITICAL
2026-10-06 16:18:25.069,nan,0.0,0.0,58.35,0.487,0.0,CRITICAL
2026-10-06 16:18:25.170,nan,0.0,0.0,58.28,0.487,0.0,CRITICAL
2026-10-06 16:18:25.271,nan,0.0,0.0,58.22,0.487,0.0,CRITICAL
2026-10-06 16:18:25.372,nan,0.0,0.0,58.15,0.487,0.0,CRITICAL
2026-10-06 16:18:25.472,nan,0.0,0.0,58.08,0.487,0.0,CRITICAL
2026-10-06 16:18:25.573,nan,0.0,0.0,58.02,0.487,0.0,CRITICAL
2026-10-06 16:18:25.674,nan,0.0,0.0,57.95,0.487,0.0,CRITICAL
2026-10-06 16:18:25.775,nan,0.0,0.0,57.89,0.487,0.0,CRITICAL
2026-10-06 16:18:25.875,nan,0.0,0.0,57.82,0.487,0.0,CRITICAL
2026-10-06 16:18:25.976,nan,0.0,0.0,57.75,0.487,0.0,CRITICAL
2026-10-06 16:18:26.078,nan,0.0,0.0,57.69,0.487,0.0,CRITICAL
2026-10-06 16:18:26.179,nan,0.0,0.0,57.62,0.487,0.0,CRITICAL
2026-10-06 16:18:26.279,nan,0.0,0.0,57.56,0.487,0.0,CRITICAL
2026-10-06 16:18:26.380,nan,0.0,0.0,57.49,0.487,0.0,CRITICAL
2026-10-06 16:18:26.480,nan,0.0,0.0,57.43,0.487,0.0,CRITICAL
2026-10-06 16:18:26.581,nan,0.0,0.0,57.36,0.487,0.0,CRITICAL
2026-10-06 16:18:26.682,nan,0.0,0.0,57.3,0.487,0.0,CRITICAL
2026-10-06 16:18:26.783,nan,0.0,0.0,57.23,0.487,0.0,CRITICAL
2026-10-06 16:18:26.884,nan,0.0,0.0,57.17,0.487,0.0,CRITICAL
2026-10-06 16:18:26.984,nan,0.0,0.0,57.1,0.487,0.0,CRITICAL
2026-10-06 16:18:27.085,nan,0.0,0.0,57.04,0.487,0.0,CRITICAL
2026-10-06 16:18:27.185,nan,0.0,0.0,56.98,0.487,0.0,CRITICAL
2026-10-06 16:18:27.286,nan,0.0,0.0,56.91,0.487,0.0,CRITICAL
2026-10-06 16:18:27.387,nan,0.0,0.0,56.85,0.487,0.0,CRITICAL
2026-10-06 16:18:27.487,nan,0.0,0.0,56.78,0.487,0.0,CRITICAL
2026-10-06 16:18:27.588,nan,0.0,0.0,56.72,0.487,0.0,CRITICAL
2026-10-06 16:18:27.689,nan,0.0,0.0,56.66,0.487,0.0,CRITICAL
2026-10-06 16:18:27.790,nan,0.0,0.0,56.59,0.487,0.0,CRITICAL
2026-10-06 16:18:27.891,nan,0.0,0.0,56.53,0.487,0.0,CRITICAL
2026-10-06 16:18:27.991,nan,0.0,0.0,56.47,0.487,0.0,CRITICAL
2026-10-06 16:18:28.092,nan,0.0,0.0,56.41,0.487,0.0,CRITICAL
2026-10-06 16:18:28.193,nan,0.0,0.0,56.34,0.487,0.0,CRITICAL
2026-10-06 16:18:28.294,nan,0.0,0.0,56.28,0.487,0.0,CRITICAL
2026-10-06 16:18:28.395,nan,0.0,0.0,56.22,0.487,0.0,CRITICAL
2026-10-06 16:18:28.495,nan,0.0,0.0,56.15,0.487,0.0,CRITICAL
2026-10-06 16:18:28.596,nan,0.0,0.0,56.09,0.487,0.0,CRITICAL
2026-10-06 16:18:28.697,nan,0.0,0.0,56.03,0.487,0.0,CRITICAL
2026-10-06 16:18:28.798,nan,0.0,0.0,55.97,0.487,0.0,CRITICAL
2026-10-06 16:18:28.899,nan,0.0,0.0,55.91,0.487,0.0,CRITICAL
2026-10-06 16:18:29.000,nan,0.0,0.0,55.84,0.487,0.0,CRITICAL
2026-10-06 16:18:29.101,nan,0.0,0.0,55.78,0.487,0.0,CRITICAL
2026-10-06 16:18:29.201,nan,0.0,0.0,55.72,0.487,0.0,CRITICAL
2026-10-06 16:18:29.302,nan,0.0,0.0,55.66,0.487,0.0,CRITICAL
2026-10-06 16:18:29.403,nan,0.0,0.0,55.6,0.487,0.0,CRITICAL
2026-10-06 16:18:29.503,nan,0.0,0.0,55.54,0.487,0.0,CRITICAL
2026-10-06 16:18:29.604,nan,0.0,0.0,55.48,0.487,0.0,CRITICAL
2026-10-06 16:18:29.705,nan,0.0,0.0,55.42,0.487,0.0,CRITICAL
2026-10-06 16:18:29.806,nan,0.0,0.0,55.35,0.487,0.0,CRITICAL
2026-10-06 16:18:29.907,nan,0.0,0.0,55.29,0.487,0.0,CRITICAL
2026-10-06 16:18:30.008,nan,0.0,0.0,55.23,0.487,0.0,CRITICAL
2026-10-06 16:18:30.109,nan,0.0,0.0,55.17,0.487,0.0,CRITICAL
2026-10-06 16:18:30.209,nan,0.0,0.0,55.11,0.487,0.0,CRITICAL
2026-10-06 16:18:30.310,nan,0.0,0.0,55.05,0.487,0.0,CRITICAL
2026-10-06 16:18:30.411,nan,0.0,0.0,54.99,0.487,0.0,CRITICAL
2026-10-06 16:18:30.512,nan,0.0,0.0,54.93,0.487,0.0,CRITICAL
2026-10-06 16:18:30.613,nan,0.0,0.0,54.87,0.487,0.0,CRITICAL
2026-10-06 16:18:30.713,nan,0.0,0.0,54.81,0.487,0.0,CRITICAL
2026-10-06 16:18:30.814,nan,0.0,0.0,54.75,0.487,0.0,CRITICAL
2026-10-06 16:18:30.915,nan,0.0,0.0,54.69,0.487,0.0,CRITICAL
2026-10-06 16:18:31.016,nan,0.0,0.0,54.63,0.487,0.0,CRITICAL
2026-10-06 16:18:31.117,nan,0.0,0.0,54.57,0.487,0.0,CRITICAL
2026-10-06 16:18:31.219,nan,0.0,0.0,54.52,0.487,0.0,CRITICAL
2026-10-06 16:18:31.323,nan,0.0,0.0,54.46,0.487,0.0,CRITICAL
2026-10-06 16:18:31.424,nan,0.0,0.0,54.4,0.487,0.0,CRITICAL
2026-10-06 16:18:31.525,nan,0.0,0.0,54.34,0.487,0.0,CRITICAL
2026-10-06 16:18:31.625,nan,0.0,0.0,54.28,0.487,0.0,CRITICAL
2026-10-06 16:18:31.726,nan,0.0,0.0,54.22,0.487,0.0,CRITICAL
2026-10-06 16:18:31.827,nan,0.0,0.0,54.16,0.487,0.0,CRITICAL
2026-10-06 16:18:31.927,nan,0.0,0.0,54.1,0.487,0.0,CRITICAL
2026-10-06 16:18:32.027,nan,0.0,0.0,54.05,0.487,0.0,CRITICAL
2026-10-06 16:18:32.128,nan,0.0,0.0,53.99,0.487,0.0,CRITICAL
2026-10-06 16:18:32.229,nan,0.0,0.0,53.93,0.487,0.0,CRITICAL
2026-10-06 16:18:32.329,nan,0.0,0.0,53.87,0.487,0.0,CRITICAL
2026-10-06 16:18:32.430,nan,0.0,0.0,53.81,0.487,0.0,CRITICAL
2026-10-06 16:18:32.531,nan,0.0,0.0,53.76,0.487,0.0,CRITICAL
2026-10-06 16:18:32.631,nan,0.0,0.0,53.7,0.487,0.0,CRITICAL
2026-10-06 16:18:32.732,nan,0.0,0.0,53.64,0.487,0.0,CRITICAL
2026-10-06 16:18:32.833,nan,0.0,0.0,53.58,0.487,0.0,CRITICAL
2026-10-06 16:18:32.933,nan,0.0,0.0,53.53,0.487,0.0,CRITICAL
2026-10-06 16:18:33.034,nan,0.0,0.0,53.47,0.487,0.0,CRITICAL
2026-10-06 16:18:33.135,nan,0.0,0.0,53.41,0.487,0.0,CRITICAL
2026-10-06 16:18:33.235,nan,0.0,0.0,53.36,0.487,0.0,CRITICAL
2026-10-06 16:18:33.336,nan,0.0,0.0,53.3,0.487,0.0,CRITICAL
2026-10-06 16:18:33.437,nan,0.0,0.0,53.24,0.487,0.0,CRITICAL
2026-10-06 16:18:33.538,nan,0.0,0.0,53.19,0.487,0.0,CRITICAL
2026-10-06 16:18:33.639,nan,0.0,0.0,53.13,0.487,0.0,CRITICAL
2026-10-06 16:18:33.739,nan,0.0,0.0,53.07,0.487,0.0,CRITICAL
2026-10-06 16:18:33.840,nan,0.0,0.0,53.02,0.487,0.0,CRITICAL
2026-10-06 16:18:33.941,nan,0.0,0.0,52.96,0.487,0.0,CRITICAL
2026-10-06 16:18:34.042,nan,0.0,0.0,52.91,0.487,0.0,CRITICAL
2026-10-06 16:18:34.143,nan,0.0,0.0,52.85,0.487,0.0,CRITICAL
2026-10-06 16:18:34.244,nan,0.0,0.0,52.79,0.487,0.0,CRITICAL
2026-10-06 16:18:34.344,nan,0.0,0.0,52.74,0.487,0.0,CRITICAL
2026-10-06 16:18:34.445,nan,0.0,0.0,52.68,0.487,0.0,CRITICAL
2026-10-06 16:18:34.546,nan,0.0,0.0,52.63,0.487,0.0,CRITICAL
2026-10-06 16:18:34.646,nan,0.0,0.0,52.57,0.487,0.0,CRITICAL
2026-10-06 16:18:34.747,nan,0.0,0.0,52.52,0.487,0.0,CRITICAL
2026-10-06 16:18:34.848,nan,0.0,0.0,52.46,0.487,0.0,CRITICAL
2026-10-06 16:18:34.949,nan,0.0,0.0,52.41,0.487,0.0,CRITICAL
2026-10-06 16:18:35.050,nan,0.0,0.0,52.35,0.487,0.0,CRITICAL
2026-10-06 16:18:35.150,nan,0.0,0.0,52.3,0.487,0.0,CRITICAL
2026-10-06 16:18:35.251,nan,0.0,0.0,52.24,0.487,0.0,CRITICAL
2026-10-06 16:18:35.352,nan,0.0,0.0,52.19,0.487,0.0,CRITICAL
2026-10-06 16:18:35.452,nan,0.0,0.0,52.14,0.487,0.0,CRITICAL
2026-10-06 16:18:35.553,nan,0.0,0.0,52.08,0.487,0.0,CRITICAL
2026-10-06 16:18:35.654,nan,0.0,0.0,52.03,0.487,0.0,CRITICAL
2026-10-06 16:18:35.758,0.0,65.85,13.17,25.07,0.1,100.0,NOMINAL
2026-10-06 16:18:35.859,3.29,-1316.54,0.0,25.06,0.1,100.0,NOMINAL
2026-10-06 16:18:35.960,-62.53,14992.61,35.0,25.52,0.1,99.9,NOMINAL
2026-10-06 16:18:36.061,687.1,-92718.45,0.0,25.52,0.1,99.9,NOMINAL
2026-10-06 16:18:36.162,-3948.83,-278161.3,35.0,25.98,0.1,99.8,NOMINAL
2026-10-06 16:18:36.262,-17856.89,16616638.58,35.0,26.44,0.1,99.7,NOMINAL
2026-10-06 16:18:36.363,812975.04,-266446367.39,0.05,26.44,0.1,99.7,NOMINAL
2026-10-06 16:18:36.464,-12509343.33,2568421900.44,35.0,26.89,0.1,99.6,NOMINAL
2026-10-06 16:18:36.564,115911751.69,-10052008388.46,0.0,26.89,0.1,99.6,NOMINAL
2026-10-06 16:18:36.666,-386688667.73,-150322174301.26,35.0,27.34,0.1,99.5,NOMINAL
2026-10-06 16:18:36.766,-7902797382.8,3908339043790.24,35.0,27.8,0.1,99.4,NOMINAL
2026-10-06 16:18:36.867,187514154806.72,-50804640219697.84,0.01,27.79,0.1,99.4,NOMINAL
2026-10-06 16:18:36.968,-2352717856178.18,395525902108523.2,35.0,28.25,0.1,99.3,NOMINAL
2026-10-06 16:18:37.068,17423577249247.98,-180307936083078.1,0.01,28.24,0.1,99.3,NOMINAL
2026-10-06 16:18:37.169,8408180445094.08,-4.7190690271926664e+16,0.03,28.23,0.1,99.3,NOMINAL
2026-10-06 16:18:37.270,-2351126333151239.5,8.502249719740897e+17,35.0,28.69,0.1,99.2,NOMINAL
2026-10-06 16:18:37.371,4.016012226555325e+16,-9.027028392255165e+18,0.0,28.68,0.1,99.2,NOMINAL
2026-10-06 16:18:37.471,-4.11191297347205e+17,5.04437079668117e+19,35.0,29.13,0.1,99.1,NOMINAL
2026-10-06 16:18:37.572,2.1109941009933798e+18,3.3352260461854274e+20,0.0,29.12,0.1,99.1,NOMINAL
2026-10-06 16:18:37.673,1.878712433192052e+19,-1.3262907054901153e+22,0.0,29.12,0.1,99.1,NOMINAL
2026-10-06 16:18:37.773,-6.443582284131372e+20,1.9125473251789594e+23,35.0,29.57,0.1,99.0,NOMINAL
2026-10-06 16:18:37.874,8.91837839748166e+21,-1.6687097196186123e+24,0.01,29.56,0.1,99.0,NOMINAL
2026-10-06 16:18:37.975,-7.451710758344896e+22,4.98225193791207e+24,35.0,30.01,0.1,98.9,NOMINAL
2026-10-06 16:18:38.076,1.7459548931215454e+23,1.4169508669405493e+26,0.03,30.0,0.1,98.9,NOMINAL
2026-10-06 16:18:38.177,7.259349824014902e+24,-3.3199119204649174e+27,0.0,29.99,0.1,98.9,NOMINAL
2026-10-06 16:18:38.277,-1.5873624619923097e+26,4.045562231921904e+28,35.0,30.44,0.1,98.8,NOMINAL
2026-10-06 16:18:38.378,1.8640448697617212e+27,-2.8097811964886532e+29,0.0,30.43,0.1,98.8,NOMINAL
2026-10-06 16:18:38.479,-1.2184861112681545e+28,-2.1178571477682154e+29,35.0,30.87,0.1,98.7,NOMINAL
2026-10-06 16:18:38.580,-2.2774146851522622e+28,3.9289269640301444e+31,35.0,31.32,0.1,98.6,NOMINAL
2026-10-06 16:18:38.682,1.9416893351635496e+30,-6.923237595755246e+32,0.0,31.31,0.1,98.6,NOMINAL
2026-10-06 16:18:38.782,-3.267449864361268e+31,7.16852022821126e+33,35.0,31.76,0.1,98.5,NOMINAL
2026-10-06 16:18:38.883,3.2575151276695036e+32,-3.523910190499195e+34,0.0,31.74,0.1,98.5,NOMINAL
2026-10-06 16:18:38.984,-1.436203582482647e+33,-2.932713291872677e+35,35.0,32.19,0.1,98.4,NOMINAL
2026-10-06 16:18:39.085,-1.6099770041846033e+34,9.603739476702562e+36,35.0,32.63,0.1,98.3,NOMINAL
2026-10-06 16:18:39.186,4.640872037932821e+35,-1.3547623203892302e+38,0.01,32.62,0.1,98.3,NOMINAL
2026-10-06 16:18:39.286,-6.309724398152869e+36,1.158892487573395e+39,35.0,33.06,0.1,98.2,NOMINAL
2026-10-06 16:18:39.387,5.163489998051688e+37,-2.4009437660963007e+39,0.0,33.05,0.1,98.2,NOMINAL
2026-10-06 16:18:39.488,-6.841228832429815e+37,-1.053502219592958e+41,35.0,33.49,0.1,98.1,NOMINAL
2026-10-06 16:18:39.589,-5.3359233862890886e+39,2.1511034789743113e+42,35.0,33.93,0.1,98.0,NOMINAL
2026-10-06 16:18:39.690,1.0221925056242647e+41,-2.480158814460133e+43,0.0,33.91,0.1,98.0,NOMINAL
2026-10-06 16:18:39.790,-1.1378601566676399e+42,1.6213006679471138e+44,35.0,34.36,0.1,97.9,NOMINAL
2026-10-06 16:18:39.891,6.96864318306793e+42,4.825338668982088e+44,0.0,34.34,0.1,97.9,NOMINAL
2026-10-06 16:18:39.992,3.1095336527978366e+43,-3.1734239586810877e+46,0.0,34.32,0.1,97.9,NOMINAL
2026-10-06 16:18:40.093,-1.5556166428125654e+45,4.978234277965671e+47,35.0,34.76,0.1,97.8,NOMINAL
2026-10-06 16:18:40.193,2.333555474701579e+46,-4.7337725646718713e+48,0.01,34.74,0.1,97.8,NOMINAL
2026-10-06 16:18:40.294,-2.133530734865778e+47,1.982826928345161e+49,35.0,35.18,0.1,97.7,NOMINAL
2026-10-06 16:18:40.395,7.780603906860028e+47,2.9699873514019507e+50,0.0,35.16,0.1,97.7,NOMINAL
2026-10-06 16:18:40.494,1.5627997147695757e+49,-8.279433559505445e+51,0.04,35.14,0.1,97.7,NOMINAL
2026-10-06 16:18:40.595,-3.983436808275765e+50,1.0807522233712903e+53,35.0,35.58,0.1,97.6,NOMINAL
2026-10-06 16:18:40.696,5.005417436028875e+51,-8.331306851093217e+53,0.04,35.56,0.1,97.6,NOMINAL
2026-10-06 16:18:40.797,-3.665111681943722e+52,8.846742876609877e+53,35.0,36.0,0.1,97.5,NOMINAL
2026-10-06 16:18:40.898,7.582597563612173e+51,1.0028506672552202e+56,0.03,35.97,0.1,97.5,NOMINAL
2026-10-06 16:18:40.998,5.021835933839713e+54,-1.9779416657199015e+57,0.0,35.95,0.1,97.5,NOMINAL
2026-10-06 16:18:41.099,-9.387524735215537e+55,2.2080706460713793e+58,35.0,36.39,0.1,97.4,NOMINAL
2026-10-06 16:18:41.200,1.0101600756835343e+57,-1.301348393930486e+59,0.04,36.37,0.1,97.4,NOMINAL
2026-10-06 16:18:41.301,-5.4965818939688964e+57,-5.238287414834209e+59,35.0,36.8,0.1,97.3,NOMINAL
2026-10-06 16:18:41.402,-3.168801896813994e+58,2.5661302867840414e+61,35.0,37.24,0.1,97.2,NOMINAL
2026-10-06 16:18:41.503,1.2513771244238808e+60,-3.9830380818966847e+62,0.03,37.21,0.1,97.2,NOMINAL
2026-10-06 16:18:41.604,-1.8663813285059545e+61,3.734875176746869e+63,35.0,37.65,0.1,97.1,NOMINAL
2026-10-06 16:18:41.704,1.680799455522839e+62,-1.3098725811656908e+64,0.0,37.62,0.1,97.1,NOMINAL
2026-10-06 16:18:41.805,-4.868563450305615e+62,-2.4528317667916075e+65,35.0,38.06,0.1,97.0,NOMINAL
2026-10-06 16:18:41.906,-1.27510151789886e+64,5.9590529435169036e+66,35.0,38.49,0.1,96.9,NOMINAL
2026-10-06 16:18:42.007,2.852016319968566e+65,-7.521363632346439e+67,0.0,38.46,0.1,96.9,NOMINAL
2026-10-06 16:18:42.108,-3.4754801841763624e+66,5.635354466364154e+68,35.0,38.9,0.1,96.8,NOMINAL
2026-10-06 16:18:42.208,2.4701292147644413e+67,1.3892030671383615e+68,0.03,38.87,0.1,96.8,NOMINAL
2026-10-06 16:18:42.309,3.164730748333622e+67,-8.187241438735945e+70,0.02,38.84,0.1,96.8,NOMINAL
2026-10-06 16:18:42.410,-4.0619734118846366e+69,1.4253058841812221e+72,35.0,39.27,0.1,96.7,NOMINAL
2026-10-06 16:18:42.511,6.720332079717648e+70,-1.4810670864610933e+73,0.0,39.24,0.1,96.7,NOMINAL
2026-10-06 16:18:42.612,-6.733302224333703e+71,7.887558005389696e+73,35.0,39.67,0.1,96.6,NOMINAL
2026-10-06 16:18:42.712,3.270448780261478e+72,6.188755531119023e+74,0.0,39.65,0.1,96.6,NOMINAL
2026-10-06 16:18:42.813,3.42142264358566e+73,-2.2537841783534295e+76,0.01,39.62,0.1,96.6,NOMINAL
2026-10-06 16:18:42.914,-1.0926778627408582e+75,3.1835999169592344e+77,35.0,40.05,0.1,96.5,NOMINAL
2026-10-06 16:18:43.015,1.4825321722055316e+76,-2.7132485949068853e+78,0.04,40.02,0.1,96.5,NOMINAL
2026-10-06 16:18:43.115,-1.2083710802328893e+77,7.1602133360007344e+78,35.0,40.45,0.1,96.4,NOMINAL
2026-10-06 16:18:43.216,2.371735587767478e+77,2.477283791255755e+80,0.03,40.41,0.1,96.4,NOMINAL
2026-10-06 16:18:43.317,1.2623592515055522e+79,-5.586091494803332e+81,0.0,40.38,0.1,96.4,NOMINAL
2026-10-06 16:18:43.418,-2.666809822251111e+80,6.68839773450644e+82,35.0,40.81,0.1,96.3,NOMINAL
2026-10-06 16:18:43.520,3.0775178850281085e+81,-4.5090197006785744e+83,0.0,40.78,0.1,96.3,NOMINAL
2026-10-06 16:18:43.619,-1.9467580618364766e+82,-5.89739254568303e+83,35.0,41.21,0.1,96.2,NOMINAL
2026-10-06 16:18:43.720,-4.895454334677992e+82,6.743082737302262e+85,35.0,41.64,0.1,96.1,NOMINAL
2026-10-06 16:18:43.822,3.3225868253043513e+84,-1.1565890687372704e+87,0.0,41.6,0.1,96.1,NOMINAL
2026-10-06 16:18:43.922,-5.450686661155917e+85,1.174718364566788e+88,35.0,42.03,0.1,96.0,NOMINAL
2026-10-06 16:18:44.022,5.328523156718349e+86,-5.465905162220449e+88,0.0,41.99,0.1,96.0,NOMINAL
2026-10-06 16:18:44.122,-2.2001002654383903e+87,-5.348704863720881e+89,35.0,42.42,0.1,95.9,NOMINAL
2026-10-06 16:18:44.224,-2.89436245840428e+88,1.6298563819045954e+91,35.0,42.84,0.1,95.8,NOMINAL
2026-10-06 16:18:44.324,7.859845663682549e+89,-2.2472423729399238e+92,0.04,42.81,0.1,95.8,NOMINAL
2026-10-06 16:18:44.425,-1.0450227298331365e+91,1.8754688601884978e+93,35.0,43.23,0.1,95.7,NOMINAL
2026-10-06 16:18:44.526,8.332321571109353e+91,-3.118750224306611e+93,0.0,43.2,0.1,95.7,NOMINAL
2026-10-06 16:18:44.626,-7.261429550423702e+91,-1.839700635422567e+95,35.0,43.62,0.1,95.6,NOMINAL
2026-10-06 16:18:44.727,-9.271117472617072e+93,3.620431849061272e+96,35.0,44.04,0.1,95.5,NOMINAL
2026-10-06 16:18:44.828,1.7175047498044655e+95,-4.0811757690611985e+97,0.0,44.0,0.1,95.5,NOMINAL
2026-10-06 16:18:44.929,-1.8688374095501528e+96,2.5651228892465975e+98,35.0,44.42,0.1,95.4,NOMINAL
2026-10-06 16:18:45.029,1.0956777036682836e+97,9.834520783685698e+98,0.0,44.39,0.1,95.4,NOMINAL
2026-10-06 16:18:45.130,6.0129380955111325e+97,-5.427427155184033e+100,0.0,44.35,0.1,95.4,NOMINAL
2026-10-06 16:18:45.230,-2.6535841966369054e+99,8.31254942119528e+101,35.0,44.77,0.1,95.3,NOMINAL
2026-10-06 16:18:45.331,3.89091629093395e+100,-7.724492056445882e+102,0.01,44.73,0.1,95.3,NOMINAL
2026-10-06 16:18:45.432,-3.473154399129546e+101,2.9947092802600625e+103,35.0,45.15,0.1,95.2,NOMINAL
2026-10-06 16:18:45.533,1.150039200217077e+102,5.290264346668985e+104,0.0,45.11,0.1,95.2,NOMINAL
2026-10-06 16:18:45.633,2.7601360933562006e+103,-1.3991705737833188e+106,0.02,45.07,0.1,95.2,NOMINAL
2026-10-06 16:18:45.734,-6.719839259580974e+104,1.791841078832236e+107,35.0,45.49,0.1,95.1,NOMINAL
2026-10-06 16:18:45.835,8.287221468203084e+105,-1.3442404728571687e+108,0.04,45.45,0.1,95.1,NOMINAL
2026-10-06 16:18:45.936,-5.892480217465535e+106,8.153761507929934e+107,35.0,45.86,0.1,95.0,NOMINAL
2026-10-06 16:18:46.036,-1.8155994635005679e+106,1.7308847273769417e+110,35.0,46.28,0.1,94.9,NOMINAL
2026-10-06 16:18:46.137,8.636267642249704e+108,-3.3137242047190124e+111,0.0,46.24,0.1,94.9,NOMINAL
2026-10-06 16:18:46.238,-1.5704994259370092e+110,3.6345660808002862e+112,35.0,46.66,0.1,94.8,NOMINAL
2026-10-06 16:18:46.338,1.6602330978064424e+111,-2.060950257567357e+113,0.0,46.61,0.1,94.8,NOMINAL
2026-10-06 16:18:46.439,-8.644518190030344e+111,-1.0048360986330135e+114,35.0,47.03,0.1,94.7,NOMINAL
2026-10-06 16:18:46.540,-5.888632312168103e+112,4.371249740660299e+115,35.0,47.44,0.1,94.6,NOMINAL
2026-10-06 16:18:46.641,2.1267385472084685e+114,-6.627599670085042e+116,0.02,47.4,0.1,94.6,NOMINAL
2026-10-06 16:18:46.742,-3.1011259803216737e+115,6.085670434793966e+117,35.0,47.81,0.1,94.5,NOMINAL
2026-10-06 16:18:46.843,2.7327226193648157e+116,-1.9418135767511917e+118,0.0,47.77,0.1,94.5,NOMINAL
2026-10-06 16:18:46.944,-6.976345264391144e+116,-4.33510497540771e+119,35.0,48.18,0.1,94.4,NOMINAL
2026-10-06 16:18:47.044,-2.2373159403477662e+118,1.005937971290751e+121,35.0,48.6,0.1,94.3,NOMINAL
2026-10-06 16:18:47.145,4.805958262418979e+119,-1.2424825079948711e+122,0.0,48.55,0.1,94.3,NOMINAL
2026-10-06 16:18:47.245,-5.731816713732458e+120,9.035027864990924e+122,35.0,48.96,0.1,94.2,NOMINAL
2026-10-06 16:18:47.346,3.944332261122216e+121,7.349204648481586e+122,0.0,48.91,0.1,94.2,NOMINAL
2026-10-06 16:18:47.447,7.618934585363009e+121,-1.4073030321718985e+125,0.01,48.86,0.1,94.2,NOMINAL
2026-10-06 16:18:47.548,-6.960325815005863e+123,2.3867260533882775e+126,35.0,49.28,0.1,94.1,NOMINAL
2026-10-06 16:18:47.649,1.1237597685440802e+125,-2.429268000233212e+127,0.0,49.23,0.1,94.1,NOMINAL
2026-10-06 16:18:47.749,-1.102258023262198e+126,1.2314431570050445e+128,35.0,49.64,0.1,94.0,NOMINAL
2026-10-06 16:18:47.851,5.054957761763025e+126,1.1298888148539024e+129,0.0,49.59,0.1,94.0,NOMINAL
2026-10-06 16:18:47.951,6.154939850445815e+127,-3.8212076505940845e+130,0.0,49.54,0.1,94.0,NOMINAL
2026-10-06 16:18:48.052,-1.8490544267925844e+129,5.294945382528098e+131,35.0,49.95,0.1,93.9,NOMINAL
2026-10-06 16:18:48.153,2.462567248584791e+130,-4.4108740817888254e+132,0.03,49.9,0.1,93.9,NOMINAL
2026-10-06 16:18:48.254,-1.9591803160359337e+131,1.0119557941280283e+133,35.0,50.31,0.1,93.8,NOMINAL
2026-10-06 16:18:48.355,3.100598654604208e+131,4.307546372930543e+134,0.0,50.26,0.1,93.8,NOMINAL
2026-10-06 16:18:48.456,2.1847791730113136e+133,-9.38519798550603e+135,0.0,50.21,0.1,93.8,NOMINAL
2026-10-06 16:18:48.556,-4.474121075451884e+134,1.1051804418390723e+137,35.0,50.62,0.1,93.7,NOMINAL
2026-10-06 16:18:48.657,5.0784901016501737e+135,-7.2339429958853746e+137,0.03,50.57,0.1,93.7,NOMINAL
2026-10-06 16:18:48.758,-3.10912248777767e+136,-1.3553926117264392e+138,35.0,50.97,0.1,93.6,NOMINAL
2026-10-06 16:18:48.859,-9.886085546409866e+136,1.153566269358827e+140,35.0,51.38,0.1,93.5,NOMINAL
2026-10-06 16:18:48.960,5.668970491330037e+138,-1.930195431544935e+141,0.02,51.33,0.1,93.5,NOMINAL
2026-10-06 16:18:49.061,-9.084080108591673e+139,1.9245047806554942e+142,35.0,51.74,0.1,93.4,NOMINAL
2026-10-06 16:18:49.162,8.714115892418304e+140,-8.459351010092587e+142,0.04,51.68,0.1,93.4,NOMINAL
2026-10-06 16:18:49.263,-3.358263915804463e+141,-9.633245039337055e+143,35.0,52.09,0.1,93.3,NOMINAL
2026-10-06 16:18:49.364,-5.152448911248974e+142,2.760081506322815e+145,35.0,52.49,0.1,93.2,NOMINAL
2026-10-06 16:18:49.466,1.3285162640489178e+144,-3.725164211216367e+146,0.04,52.44,0.1,93.2,NOMINAL
2026-10-06 16:18:49.566,-1.7297304792032917e+145,3.0346234765540938e+147,35.0,52.84,0.1,93.1,NOMINAL
2026-10-06 16:18:49.667,1.344338690356718e+146,-3.801008875405789e+147,0.0,52.79,0.1,93.1,NOMINAL
2026-10-06 16:18:49.768,-5.561657473461767e+145,-3.1956600298056823e+149,35.0,53.19,0.1,93.0,NOMINAL
2026-10-06 16:18:49.869,-1.603391672376303e+148,6.084222291365572e+150,35.0,53.59,0.1,92.9,NOMINAL
2026-10-06 16:18:49.970,2.881771978445156e+149,-6.713161716434225e+151,0.04,53.54,0.1,92.9,NOMINAL
2026-10-06 16:18:50.071,-3.068403660372597e+150,4.0552317072579925e+152,35.0,53.94,0.1,92.8,NOMINAL
2026-10-06 16:18:50.172,1.7207754875917366e+151,1.9202573482340646e+153,0.01,53.88,0.1,92.8,NOMINAL
2026-10-06 16:18:50.272,1.132206222876206e+152,-9.255802558575337e+154,0.02,53.82,0.1,92.8,NOMINAL
2026-10-06 16:18:50.373,-4.514680657000048e+153,1.3866200855719605e+156,35.0,54.23,0.1,92.7,NOMINAL
2026-10-06 16:18:50.475,6.481632362159798e+154,-1.260214554722787e+157,0.02,54.17,0.1,92.7,NOMINAL
2026-10-06 16:18:50.575,-5.652909537397955e+155,4.4978074563540005e+157,35.0,54.57,0.1,92.6,NOMINAL
2026-10-06 16:18:50.676,1.683612774437205e+156,9.345800586345039e+158,0.0,54.51,0.1,92.6,NOMINAL
2026-10-06 16:18:50.777,4.84126157061624e+157,-2.3602315475521803e+160,0.0,54.45,0.1,92.6,NOMINAL
2026-10-06 16:18:50.877,-1.1317031580699278e+159,2.9688678083010344e+161,35.0,54.85,0.1,92.5,NOMINAL
2026-10-06 16:18:50.978,1.3712635883435243e+160,-2.1685040032189598e+162,0.0,54.79,0.1,92.5,NOMINAL
2026-10-06 16:18:51.079,-9.471256427751274e+160,3.1835455638835884e+161,35.0,55.19,0.1,92.4,NOMINAL
2026-10-06 16:18:51.180,-7.87948364580948e+160,2.9759896259528393e+164,35.0,55.59,0.1,92.3,NOMINAL
2026-10-06 16:18:51.280,1.4801153293306103e+163,-5.5449520630424016e+165,0.02,55.53,0.1,92.3,NOMINAL
2026-10-06 16:18:51.381,-2.62446449858814e+164,5.980317776077212e+166,35.0,55.93,0.1,92.2,NOMINAL
2026-10-06 16:18:51.482,2.727712438179792e+165,-3.2615623755084805e+167,0.0,55.86,0.1,92.2,NOMINAL
2026-10-06 16:18:51.583,-1.3580099439362611e+166,-1.881050403081413e+168,35.0,56.26,0.1,92.1,NOMINAL
2026-10-06 16:18:51.683,-1.0763261959343327e+167,7.427670220656013e+169,35.0,56.66,0.1,92.0,NOMINAL
2026-10-06 16:18:51.784,3.6062024907345736e+168,-1.101902206136351e+171,0.05,56.6,0.1,92.0,NOMINAL
2026-10-06 16:18:51.885,-5.1488907816082984e+169,9.91425060082091e+171,35.0,56.99,0.1,91.9,NOMINAL
2026-10-06 16:18:51.986,4.4422362222496255e+170,-2.852894961291185e+172,0.0,56.93,0.1,91.9,NOMINAL
2026-10-06 16:18:52.087,-9.8222385842063e+170,-7.608271700089714e+173,35.0,57.32,0.1,91.8,NOMINAL
2026-10-06 16:18:52.188,-3.90235823588692e+172,1.695179694744454e+175,35.0,57.72,0.1,91.7,NOMINAL
2026-10-06 16:18:52.288,8.085662650133579e+173,-2.0514684774631853e+176,0.04,57.65,0.1,91.7,NOMINAL
2026-10-06 16:18:52.389,-9.44877612230257e+174,1.4481458413720776e+177,35.0,58.05,0.1,91.6,NOMINAL
2026-10-06 16:18:52.490,6.2958515946301306e+175,2.0176130616950058e+177,0.0,57.98,0.1,91.6,NOMINAL
2026-10-06 16:18:52.591,1.638391690310516e+176,-2.410829870748403e+179,0.02,57.92,0.1,91.6,NOMINAL
2026-10-06 16:18:52.691,-1.1890310184710963e+178,3.9919817264811664e+180,35.0,58.31,0.1,91.5,NOMINAL
2026-10-06 16:18:52.792,1.8770877613934736e+179,-3.983349897950831e+181,0.0,58.24,0.1,91.5,NOMINAL
2026-10-06 16:18:52.893,-1.8039661728360683e+180,1.919427804573621e+182,35.0,58.63,0.1,91.4,NOMINAL
2026-10-06 16:18:52.995,7.793172850032037e+180,2.0366767351981904e+183,0.0,58.57,0.1,91.4,NOMINAL
2026-10-06 16:18:53.095,1.0962700960994156e+182,-6.465292020059075e+184,0.02,58.5,0.1,91.4,NOMINAL
2026-10-06 16:18:53.195,-3.123019000419596e+183,8.799526480682863e+185,35.0,58.89,0.1,91.3,NOMINAL
2026-10-06 16:18:53.297,4.087461340299472e+184,-7.169459556318378e+186,0.01,58.83,0.1,91.3,NOMINAL
2026-10-06 16:18:53.398,-3.1759836441292417e+185,1.39898229188364e+187,35.0,59.22,0.1,91.2,NOMINAL
2026-10-06 16:18:53.499,3.818927815288959e+185,7.454652960946532e+188,0.01,59.15,0.1,91.2,NOMINAL
2026-10-06 16:18:53.600,3.7655157586261555e+187,-1.5746254455926232e+190,0.0,59.08,0.1,91.2,NOMINAL
2026-10-06 16:18:53.701,-7.496575652100501e+188,1.8252437047714075e+191,35.0,59.47,0.1,91.1,NOMINAL
2026-10-06 16:18:53.802,8.376560958646989e+189,-1.160242792040906e+192,0.01,59.4,0.1,91.1,NOMINAL
2026-10-06 16:18:53.903,-4.963557864339832e+190,-2.844381738200605e+192,35.0,59.79,0.1,91.0,NOMINAL
2026-10-06 16:18:54.003,-1.9185466555342858e+191,1.9677461616841398e+194,35.0,60.18,0.1,90.9,NOMINAL
2026-10-06 16:18:54.104,9.64687614286727e+192,-3.218111184437646e+195,0.0,60.11,0.1,90.8,NOMINAL
2026-10-06 16:18:54.205,-1.5125868307901505e+194,3.152010730943104e+196,35.0,60.5,0.1,90.7,NOMINAL
2026-10-06 16:18:54.306,1.424746682392537e+195,-1.306038329955173e+197,0.04,60.43,0.1,90.6,NOMINAL
2026-10-06 16:18:54.407,-5.105444967383328e+195,-1.7174405788035141e+198,35.0,60.82,0.1,90.5,NOMINAL
2026-10-06 16:18:54.508,-9.097747390755904e+196,4.664835480182127e+199,35.0,61.21,0.1,90.4,NOMINAL
2026-10-06 16:18:54.608,2.2414402661835045e+198,-6.171095955540507e+200,0.0,61.13,0.1,90.3,NOMINAL
2026-10-06 16:18:54.709,-2.861403951151903e+199,4.909392264597777e+201,35.0,61.52,0.1,90.2,NOMINAL
2026-10-06 16:18:54.810,2.168555737183698e+200,-4.1263611471861116e+201,0.05,61.45,0.1,90.1,NOMINAL
2026-10-06 16:18:54.911,1.053751635906421e+199,-5.5255138395114306e+203,0.01,61.38,0.1,90.0,NOMINAL
2026-10-06 16:18:55.012,-2.761703168119809e+202,1.0210353802783203e+205,35.0,61.76,0.1,89.9,NOMINAL
2026-10-06 16:18:55.113,4.829006584579621e+203,-1.1038488527478583e+206,0.04,61.69,0.1,89.8,NOMINAL
2026-10-06 16:18:55.214,-5.036343605281329e+204,6.4057301159944755e+206,35.0,62.07,0.1,89.7,NOMINAL
2026-10-06 16:18:55.315,2.699230697469105e+205,3.6409565750509067e+207,0.02,62.0,0.1,89.6,NOMINAL
2026-10-06 16:18:55.416,2.0904013572723638e+206,-1.574375807742877e+209,0.0,61.93,0.1,89.5,NOMINAL
2026-10-06 16:18:55.517,-7.662838902987149e+207,2.3108365404143078e+210,35.0,62.31,0.1,89.4,NOMINAL
2026-10-06 16:18:55.618,1.0787898811772825e+209,-2.0555695192833567e+211,0.03,62.24,0.1,89.3,NOMINAL
2026-10-06 16:18:55.718,-9.199057715239501e+209,6.711533151810371e+211,35.0,62.62,0.1,89.2,NOMINAL
2026-10-06 16:18:55.819,2.4358608043812357e+210,1.6396061379930733e+213,0.0,62.55,0.1,89.1,NOMINAL
2026-10-06 16:18:55.919,8.44161677040349e+211,-3.9911708069119846e+214,0.01,62.47,0.101,88.6,NOMINAL
2026-10-06 16:18:56.020,-1.9111692357519573e+213,5.026559657009797e+215,35.0,62.86,0.102,88.1,NOMINAL
2026-10-06 16:18:56.121,2.3221629049297026e+214,-3.8404648264266286e+216,0.0,62.78,0.103,87.6,NOMINAL
2026-10-06 16:18:56.225,-1.6880161227203443e+215,5.269390403701345e+216,35.0,63.16,0.104,87.1,NOMINAL
2026-10-06 16:18:56.326,9.466790791303285e+214,4.34865107446274e+218,0.02,63.09,0.105,86.6,NOMINAL
2026-10-06 16:18:56.428,2.1837923280226734e+217,-9.030918700813803e+219,0.0,63.01,0.106,86.1,NOMINAL
2026-10-06 16:18:56.531,-4.297080117604634e+218,1.1048616970857968e+221,35.0,63.4,0.107,85.6,NOMINAL
2026-10-06 16:18:56.632,5.0946004736685214e+219,-8.729173061493701e+221,0.0,63.32,0.108,85.1,NOMINAL
2026-10-06 16:18:56.733,-3.855126483379999e+220,2.227558089599584e+222,35.0,63.7,0.109,84.6,NOMINAL
2026-10-06 16:18:56.834,7.282663964617923e+220,7.724044506792412e+223,0.03,63.62,0.11,84.1,NOMINAL
2026-10-06 16:18:56.935,3.9348488930423855e+222,-1.821476545978875e+225,0.02,63.55,0.112,83.6,NOMINAL
2026-10-06 16:18:57.036,-8.713897840590136e+223,2.463545245175686e+226,35.0,63.93,0.113,83.1,NOMINAL
2026-10-06 16:18:57.136,1.1446336441819416e+225,-2.3628731773321624e+227,0.0,63.85,0.114,82.6,NOMINAL
2026-10-06 16:18:57.237,-1.0669732242478871e+226,1.4186019855899848e+228,35.0,64.23,0.115,82.1,NOMINAL
2026-10-06 16:18:57.338,6.026036703702037e+226,4.014599460716143e+228,0.04,64.15,0.116,81.6,NOMINAL
2026-10-06 16:18:57.439,2.609903400728275e+227,-2.756058056047544e+230,0.03,64.08,0.117,81.1,NOMINAL
2026-10-06 16:18:57.540,-1.3519299940164893e+229,4.845850510572569e+231,35.0,64.46,0.118,80.6,NOMINAL
2026-10-06 16:18:57.641,2.2877322558846357e+230,-6.0847804496043e+232,0.0,64.38,0.12,80.1,NOMINAL
2026-10-06 16:18:57.742,-2.8136169992136867e+231,5.918259081814591e+233,35.0,64.76,0.121,79.6,WARNING
2026-10-06 16:18:57.843,2.677767840985927e+232,-3.9002365202616315e+234,0.0,64.68,0.122,79.1,WARNING
2026-10-06 16:18:57.943,-1.682341476032223e+233,4.397850452436987e+234,35.0,65.06,0.123,78.6,WARNING
2026-10-06 16:18:58.045,5.165837501862708e+232,4.350939545997658e+236,0.0,64.98,0.124,78.1,WARNING
2026-10-06 16:18:58.145,2.1806356105006922e+235,-9.696973976728722e+237,0.0,64.9,0.126,77.6,WARNING
2026-10-06 16:18:58.246,-4.630423427314292e+236,1.4255632928985408e+239,35.0,65.28,0.127,77.1,WARNING
2026-10-06 16:18:58.347,6.664774121761275e+237,-1.7092666645005348e+240,0.04,65.2,0.128,76.6,WARNING
2026-10-06 16:18:58.448,-7.879855910326547e+238,1.750728550791432e+241,35.0,65.58,0.13,76.1,WARNING
2026-10-06 16:18:58.549,7.9656571629245055e+239,-1.4573299366207234e+242,0.0,65.5,0.131,75.6,WARNING
2026-10-06 16:18:58.650,-6.490083966811167e+240,8.8747107585014e+242,35.0,65.87,0.132,75.1,WARNING
2026-10-06 16:18:58.751,3.788346982569583e+241,1.8592780877300896e+242,0.0,65.79,0.133,74.6,WARNING
2026-10-06 16:18:58.852,4.717986026434628e+241,-1.222301946347379e+245,0.0,65.71,0.135,74.1,WARNING
2026-10-06 16:18:58.953,-6.0643298714725486e+243,2.5545334492902493e+246,35.0,66.09,0.136,73.6,WARNING
2026-10-06 16:18:59.054,1.216623425930399e+245,-4.004093273070231e+247,0.03,66.01,0.137,73.1,WARNING
2026-10-06 16:18:59.156,-1.8803842939420753e+246,5.464012988439452e+248,35.0,66.38,0.139,72.6,WARNING
2026-10-06 16:18:59.256,2.5439680648255184e+247,-6.90314094152122e+249,0.04,66.3,0.14,72.1,WARNING
2026-10-06 16:18:59.357,-3.1971736642780587e+248,8.370810216576332e+250,35.0,66.68,0.142,71.6,WARNING
2026-10-06 16:18:59.458,3.86568774186036e+249,-9.83907384349392e+251,0.03,66.59,0.143,71.1,WARNING
2026-10-06 16:18:59.559,-4.532968147560924e+250,1.1559295424914121e+253,35.0,66.97,0.145,70.6,WARNING
2026-10-06 16:18:59.660,5.326350897700969e+251,-1.357337320544101e+254,0.0,66.89,0.146,70.1,WARNING
2026-10-06 16:18:59.761,-6.254051512950408e+252,1.6386546038602014e+255,35.0,67.26,0.147,69.6,WARNING
2026-10-06 16:18:59.861,7.567867868005967e+253,-2.0284641957692306e+256,0.04,67.18,0.149,69.1,WARNING
2026-10-06 16:18:59.962,-9.385534192045558e+254,2.6219358316724597e+257,35.0,67.55,0.15,68.6,WARNING
2026-10-06 16:19:00.063,1.2171125739157744e+256,-3.5204714075706177e+258,0.01,67.47,0.152,68.1,WARNING
2026-10-06 16:19:00.164,-1.6385244463937317e+257,4.929969552338328e+259,35.0,67.84,0.153,67.6,WARNING
2026-10-06 16:19:00.266,2.301132331529791e+258,-7.166285696967254e+260,0.0,67.76,0.155,67.1,WARNING
2026-10-06 16:19:00.366,-3.353029615330648e+259,1.0755083375483212e+262,35.0,68.13,0.156,66.6,WARNING
2026-10-06 16:19:00.467,5.042238726208542e+260,-1.6664192663595722e+263,0.04,68.04,0.158,66.1,WARNING
2026-10-06 16:19:00.567,-7.827872459177007e+261,2.6408092125373038e+264,35.0,68.42,0.16,65.6,WARNING
2026-10-06 16:19:00.667,1.2421258816768818e+263,-4.303219419600513e+265,0.02,68.33,0.161,65.1,WARNING
2026-10-06 16:19:00.769,-2.027397121632568e+264,7.128024995996298e+266,35.0,68.7,0.163,64.6,WARNING
2026-10-06 16:19:00.870,3.361272785834892e+265,-1.2116353685900404e+268,0.0,68.62,0.164,64.1,WARNING
2026-10-06 16:19:00.971,-5.722049564366713e+266,2.085547614210346e+269,35.0,68.99,0.166,63.6,WARNING
2026-10-06 16:19:01.072,9.85553311461506e+267,-3.680481283278829e+270,0.0,68.9,0.168,63.1,WARNING
2026-10-06 16:19:01.173,-1.741685310493264e+269,6.559594729707935e+271,35.0,69.27,0.169,62.6,WARNING
2026-10-06 16:19:01.274,3.105628833804641e+270,-1.1981548252331194e+273,0.02,69.18,0.171,62.1,WARNING
2026-10-06 16:19:01.375,-5.6802112427851325e+271,2.2057310613772284e+274,35.0,69.55,0.173,61.6,WARNING
2026-10-06 16:19:01.476,1.046063418260763e+273,-4.160842796219893e+275,0.0,69.47,0.175,61.1,WARNING
2026-10-06 16:19:01.577,-1.9758150562838702e+274,7.897602857571217e+276,35.0,69.84,0.176,60.6,WARNING
2026-10-06 16:19:01.678,3.751219923157221e+275,-1.535936450636398e+278,0.01,69.75,0.178,60.1,WARNING
2026-10-06 16:19:01.779,-7.304560260866268e+276,3.001458908730974e+279,35.0,70.12,0.18,59.6,WARNING
2026-10-06 16:19:01.880,1.4276838517568244e+278,-6.009764168088091e+280,0.0,70.03,0.182,59.1,WARNING
2026-10-06 16:19:01.981,-2.862113698868363e+279,1.207661975062484e+282,35.0,70.4,0.183,58.6,WARNING
2026-10-06 16:19:02.082,5.752098505425584e+280,-2.48666106258413e+283,0.0,70.3,0.185,58.1,WARNING
2026-10-06 16:19:02.182,-1.1858095462378092e+282,5.133339820951682e+284,35.0,70.67,0.187,57.6,WARNING
2026-10-06 16:19:02.282,2.44808895585206e+283,-1.085907257274712e+286,0.0,70.58,0.189,57.1,WARNING
2026-10-06 16:19:02.383,-5.1847273907883544e+284,2.3009220824940918e+287,35.0,70.95,0.191,56.6,WARNING
2026-10-06 16:19:02.484,1.0986137673391624e+286,-4.996327594323529e+288,0.0,70.86,0.193,56.1,WARNING
2026-10-06 16:19:02.585,-2.3883024204278484e+287,1.0858413241988517e+290,35.0,71.23,0.195,55.6,WARNING
2026-10-06 16:19:02.686,5.190376378951475e+288,-2.4185432807521864e+291,0.02,71.13,0.197,55.1,WARNING
2026-10-06 16:19:02.787,-1.1573678765865784e+290,5.387616452168937e+292,35.0,71.5,0.199,54.6,WARNING
2026-10-06 16:19:02.888,2.578071438425811e+291,-1.230109028011009e+294,0.02,71.41,0.201,54.1,WARNING
2026-10-06 16:19:02.989,-5.892737996212464e+292,2.807166216373018e+295,35.0,71.77,0.203,53.6,WARNING
2026-10-06 16:19:03.090,1.3446557282243847e+294,-6.566402555408424e+296,0.02,71.68,0.205,53.1,WARNING
2026-10-06 16:19:03.191,-3.148735704881774e+295,1.5343197815978858e+298,35.0,72.05,0.207,52.6,WARNING
2026-10-06 16:19:03.292,7.35672533750125e+296,-3.6750871229819296e+299,0.0,71.95,0.209,52.1,WARNING
2026-10-06 16:19:03.393,-1.7639763081159525e+298,8.788716844120046e+300,35.0,72.32,0.211,51.6,WARNING
2026-10-06 16:19:03.494,4.2179607912484285e+299,-2.1546286948812227e+302,0.05,72.22,0.213,51.1,WARNING
2026-10-06 16:19:03.595,-1.035134739528127e+301,5.271392337653512e+303,35.0,72.59,0.215,50.6,WARNING
2026-10-06 16:19:03.695,2.5321826948739435e+302,-1.3221782371138093e+305,0.05,72.49,0.217,50.1,WARNING
2026-10-06 16:19:03.797,-6.357672916081652e+303,inf,35.0,72.86,0.219,49.6,CRITICAL
2026-10-06 16:19:03.897,inf,nan,0.04,72.76,0.222,49.1,CRITICAL
2026-10-06 16:19:03.998,nan,nan,0.0,72.67,0.224,48.6,CRITICAL
2026-10-06 16:19:04.099,nan,nan,0.05,72.57,0.226,48.1,CRITICAL
2026-10-06 16:19:04.200,nan,nan,0.04,72.48,0.228,47.6,CRITICAL
2026-10-06 16:19:04.300,nan,nan,0.0,72.38,0.231,47.1,CRITICAL
2026-10-06 16:19:04.400,nan,nan,0.0,72.29,0.233,46.6,CRITICAL
2026-10-06 16:19:04.501,nan,nan,0.03,72.19,0.235,46.1,CRITICAL
2026-10-06 16:19:04.602,nan,nan,0.03,72.1,0.238,45.6,CRITICAL
2026-10-06 16:19:04.702,nan,nan,0.01,72.0,0.24,45.1,CRITICAL
2026-10-06 16:19:04.806,nan,nan,0.03,71.91,0.242,44.6,CRITICAL
2026-10-06 16:19:04.906,nan,nan,0.05,71.81,0.245,44.1,CRITICAL
2026-10-06 16:19:05.007,nan,nan,0.0,71.72,0.247,43.6,CRITICAL
2026-10-06 16:19:05.107,nan,nan,0.0,71.63,0.25,43.1,CRITICAL
2026-10-06 16:19:05.208,nan,nan,0.05,71.53,0.252,42.6,CRITICAL
2026-10-06 16:19:05.309,nan,nan,0.05,71.44,0.255,42.1,CRITICAL
2026-10-06 16:19:05.409,nan,nan,0.0,71.35,0.257,41.6,CRITICAL
2026-10-06 16:19:05.510,nan,nan,0.0,71.26,0.26,41.1,CRITICAL
2026-10-06 16:19:05.611,nan,nan,0.0,71.16,0.263,40.6,CRITICAL
2026-10-06 16:19:05.711,nan,nan,0.03,71.07,0.265,40.1,CRITICAL
2026-10-06 16:19:05.812,nan,nan,0.0,70.98,0.268,39.6,CRITICAL
2026-10-06 16:19:05.913,nan,nan,0.05,70.89,0.27,39.1,CRITICAL
2026-10-06 16:19:06.013,nan,nan,0.0,70.8,0.273,38.6,CRITICAL
2026-10-06 16:19:06.114,nan,nan,0.0,70.7,0.276,38.1,CRITICAL
2026-10-06 16:19:06.215,nan,nan,0.0,70.61,0.279,37.6,CRITICAL
2026-10-06 16:19:06.315,nan,nan,0.0,70.52,0.281,37.1,CRITICAL
2026-10-06 16:19:06.416,nan,nan,0.01,70.43,0.284,36.6,CRITICAL
2026-10-06 16:19:06.517,nan,nan,0.0,70.34,0.287,36.1,CRITICAL
2026-10-06 16:19:06.618,nan,nan,0.04,70.25,0.29,35.6,CRITICAL
2026-10-06 16:19:06.719,nan,nan,0.0,70.16,0.293,35.1,CRITICAL
2026-10-06 16:19:06.819,nan,nan,0.03,70.07,0.296,34.6,CRITICAL
2026-10-06 16:19:06.920,nan,nan,0.0,69.98,0.299,34.1,CRITICAL
2026-10-06 16:19:07.021,nan,nan,0.02,69.89,0.302,33.6,CRITICAL
2026-10-06 16:19:07.122,nan,nan,0.0,69.8,0.305,33.1,CRITICAL
2026-10-06 16:19:07.223,nan,nan,0.0,69.71,0.308,32.6,CRITICAL
2026-10-06 16:19:07.324,nan,nan,0.0,69.62,0.311,32.1,CRITICAL
2026-10-06 16:19:07.424,nan,nan,0.0,69.53,0.314,31.6,CRITICAL
2026-10-06 16:19:07.526,nan,nan,0.0,69.44,0.317,31.1,CRITICAL
2026-10-06 16:19:07.626,nan,nan,0.0,69.35,0.32,30.6,CRITICAL
2026-10-06 16:19:07.727,nan,nan,0.0,69.26,0.324,30.1,CRITICAL
2026-10-06 16:19:07.828,nan,nan,0.03,69.17,0.327,29.6,CRITICAL
2026-10-06 16:19:07.929,nan,nan,0.03,69.09,0.33,29.1,CRITICAL
2026-10-06 16:19:08.030,nan,nan,0.04,69.0,0.333,28.6,CRITICAL
2026-10-06 16:19:08.130,nan,nan,0.0,68.91,0.337,28.1,CRITICAL
2026-10-06 16:19:08.231,nan,nan,0.0,68.82,0.34,27.6,CRITICAL
2026-10-06 16:19:08.332,nan,nan,0.04,68.73,0.343,27.1,CRITICAL
2026-10-06 16:19:08.433,nan,nan,0.0,68.65,0.347,26.6,CRITICAL
2026-10-06 16:19:08.533,nan,nan,0.0,68.56,0.35,26.1,CRITICAL
2026-10-06 16:19:08.634,nan,nan,0.0,68.47,0.354,25.6,CRITICAL
2026-10-06 16:19:08.735,nan,nan,0.0,68.39,0.357,25.1,CRITICAL
2026-10-06 16:19:08.836,nan,nan,0.0,68.3,0.361,24.6,CRITICAL
2026-10-06 16:19:08.937,nan,nan,0.0,68.21,0.365,24.1,CRITICAL
2026-10-06 16:19:09.038,nan,nan,0.03,68.13,0.368,23.6,CRITICAL
2026-10-06 16:19:09.139,nan,nan,0.0,68.04,0.372,23.1,CRITICAL
2026-10-06 16:19:09.240,nan,nan,0.04,67.95,0.376,22.6,CRITICAL
2026-10-06 16:19:09.341,nan,nan,0.01,67.87,0.379,22.1,CRITICAL
2026-10-06 16:19:09.441,nan,nan,0.0,67.78,0.383,21.6,CRITICAL
2026-10-06 16:19:09.542,nan,nan,0.0,67.7,0.387,21.1,CRITICAL
2026-10-06 16:19:09.643,nan,nan,0.0,67.61,0.391,20.6,CRITICAL
2026-10-06 16:19:09.743,nan,nan,0.0,67.53,0.395,20.1,CRITICAL
2026-10-06 16:19:09.844,nan,nan,0.01,67.44,0.399,19.6,CRITICAL
2026-10-06 16:19:09.945,nan,nan,0.04,67.36,0.403,19.1,CRITICAL
2026-10-06 16:19:10.046,nan,nan,0.0,67.27,0.407,18.6,CRITICAL
2026-10-06 16:19:10.146,nan,nan,0.04,67.19,0.411,18.1,CRITICAL
2026-10-06 16:19:10.247,nan,nan,0.0,67.1,0.415,17.6,CRITICAL
2026-10-06 16:19:10.348,nan,nan,0.0,67.02,0.419,17.1,CRITICAL
2026-10-06 16:19:10.449,nan,nan,0.02,66.93,0.423,16.6,CRITICAL
2026-10-06 16:19:10.549,nan,nan,0.03,66.85,0.427,16.1,CRITICAL
2026-10-06 16:19:10.650,nan,nan,0.0,66.77,0.432,15.6,CRITICAL
2026-10-06 16:19:10.751,nan,nan,0.04,66.68,0.436,15.1,CRITICAL
2026-10-06 16:19:10.851,nan,nan,0.0,66.6,0.44,14.6,CRITICAL
2026-10-06 16:19:10.952,nan,nan,0.04,66.52,0.445,14.1,CRITICAL
2026-10-06 16:19:11.053,nan,nan,0.02,66.43,0.449,13.6,CRITICAL
2026-10-06 16:19:11.154,nan,nan,0.05,66.35,0.454,13.1,CRITICAL
2026-10-06 16:19:11.255,nan,nan,0.04,66.27,0.458,12.6,CRITICAL
2026-10-06 16:19:11.356,nan,nan,0.02,66.19,0.463,12.1,CRITICAL
2026-10-06 16:19:11.456,nan,nan,0.02,66.1,0.468,11.6,CRITICAL
2026-10-06 16:19:11.557,nan,nan,0.0,66.02,0.472,11.1,CRITICAL
2026-10-06 16:19:11.658,nan,nan,0.02,65.94,0.477,10.6,CRITICAL
2026-10-06 16:19:11.759,nan,nan,0.0,65.86,0.482,10.1,CRITICAL
2026-10-06 16:19:11.859,nan,nan,0.04,65.77,0.487,9.6,CRITICAL
2026-10-06 16:19:11.960,nan,nan,0.04,65.69,0.491,9.1,CRITICAL
2026-10-06 16:19:12.065,nan,nan,0.03,65.61,0.496,8.6,CRITICAL
2026-10-06 16:19:12.167,nan,nan,0.01,65.53,0.501,8.1,CRITICAL
2026-10-06 16:19:12.266,nan,nan,0.04,65.45,0.506,7.6,CRITICAL
2026-10-06 16:19:12.367,nan,nan,0.0,65.37,0.511,7.1,CRITICAL
2026-10-06 16:19:12.468,nan,nan,0.0,65.29,0.516,6.6,CRITICAL
2026-10-06 16:19:12.568,nan,nan,0.05,65.21,0.522,6.1,CRITICAL
2026-10-06 16:19:12.669,nan,nan,0.0,65.13,0.527,5.6,CRITICAL
2026-10-06 16:19:12.770,nan,nan,0.0,65.05,0.532,5.1,CRITICAL
2026-10-06 16:19:12.871,nan,nan,0.03,64.97,0.537,4.6,CRITICAL
2026-10-06 16:19:12.971,nan,nan,0.0,64.89,0.543,4.1,CRITICAL
2026-10-06 16:19:13.072,nan,nan,0.0,64.81,0.548,3.6,CRITICAL
2026-10-06 16:19:13.173,nan,nan,0.05,64.73,0.554,3.1,CRITICAL
2026-10-06 16:19:13.274,nan,nan,0.0,64.65,0.559,2.6,CRITICAL
2026-10-06 16:19:13.374,nan,nan,0.04,64.57,0.565,2.1,CRITICAL
2026-10-06 16:19:13.475,nan,nan,0.0,64.49,0.57,1.6,CRITICAL
2026-10-06 16:19:13.575,nan,nan,0.0,64.41,0.576,1.1,CRITICAL
2026-10-06 16:19:13.676,nan,nan,0.0,64.33,0.582,0.6,CRITICAL
2026-10-06 16:19:13.777,nan,nan,0.01,64.25,0.588,0.1,CRITICAL
2026-10-06 16:19:13.877,nan,nan,0.04,64.17,0.594,0.0,CRITICAL
2026-10-06 16:19:13.978,nan,0.0,0.0,64.1,0.594,0.0,CRITICAL
2026-10-06 16:19:14.079,nan,0.0,0.0,64.02,0.594,0.0,CRITICAL
2026-10-06 16:19:14.179,nan,0.0,0.0,63.94,0.594,0.0,CRITICAL
2026-10-06 16:19:14.280,nan,0.0,0.0,63.86,0.594,0.0,CRITICAL
2026-10-06 16:19:14.381,nan,0.0,0.0,63.78,0.594,0.0,CRITICAL
2026-10-06 16:19:14.481,nan,0.0,0.0,63.71,0.594,0.0,CRITICAL
2026-10-06 16:19:14.582,nan,0.0,0.0,63.63,0.594,0.0,CRITICAL
2026-10-06 16:19:14.683,nan,0.0,0.0,63.55,0.594,0.0,CRITICAL
2026-10-06 16:19:14.784,nan,0.0,0.0,63.47,0.594,0.0,CRITICAL
2026-10-06 16:19:14.885,nan,0.0,0.0,63.4,0.594,0.0,CRITICAL
2026-10-06 16:19:14.985,nan,0.0,0.0,63.32,0.594,0.0,CRITICAL
2026-10-06 16:19:15.086,nan,0.0,0.0,63.24,0.594,0.0,CRITICAL
2026-10-06 16:19:15.186,nan,0.0,0.0,63.17,0.594,0.0,CRITICAL
2026-10-06 16:19:15.287,nan,0.0,0.0,63.09,0.594,0.0,CRITICAL
2026-10-06 16:19:15.388,nan,0.0,0.0,63.02,0.594,0.0,CRITICAL
2026-10-06 16:19:15.488,nan,0.0,0.0,62.94,0.594,0.0,CRITICAL
2026-10-06 16:19:15.589,nan,0.0,0.0,62.86,0.594,0.0,CRITICAL
2026-10-06 16:19:15.690,nan,0.0,0.0,62.79,0.594,0.0,CRITICAL
2026-10-06 16:19:15.791,nan,0.0,0.0,62.71,0.594,0.0,CRITICAL
2026-10-06 16:19:15.891,nan,0.0,0.0,62.64,0.594,0.0,CRITICAL
2026-10-06 16:19:15.992,nan,0.0,0.0,62.56,0.594,0.0,CRITICAL
2026-10-06 16:19:16.092,nan,0.0,0.0,62.49,0.594,0.0,CRITICAL
2026-10-06 16:19:16.193,nan,0.0,0.0,62.41,0.594,0.0,CRITICAL
2026-10-06 16:19:16.294,nan,0.0,0.0,62.34,0.594,0.0,CRITICAL
2026-10-06 16:19:16.394,nan,0.0,0.0,62.26,0.594,0.0,CRITICAL
2026-10-06 16:19:16.495,nan,0.0,0.0,62.19,0.594,0.0,CRITICAL
2026-10-06 16:19:16.596,nan,0.0,0.0,62.11,0.594,0.0,CRITICAL
2026-10-06 16:19:16.696,nan,0.0,0.0,62.04,0.594,0.0,CRITICAL
2026-10-06 16:19:16.797,nan,0.0,0.0,61.96,0.594,0.0,CRITICAL
2026-10-06 16:19:16.897,nan,0.0,0.0,61.89,0.594,0.0,CRITICAL
2026-10-06 16:19:16.998,nan,0.0,0.0,61.82,0.594,0.0,CRITICAL
2026-10-06 16:19:17.099,nan,0.0,0.0,61.74,0.594,0.0,CRITICAL
2026-10-06 16:19:17.199,nan,0.0,0.0,61.67,0.594,0.0,CRITICAL
2026-10-06 16:19:17.300,nan,0.0,0.0,61.6,0.594,0.0,CRITICAL
2026-10-06 16:19:17.401,nan,0.0,0.0,61.52,0.594,0.0,CRITICAL
2026-10-06 16:19:17.501,nan,0.0,0.0,61.45,0.594,0.0,CRITICAL
2026-10-06 16:19:17.602,nan,0.0,0.0,61.38,0.594,0.0,CRITICAL
2026-10-06 16:19:17.703,nan,0.0,0.0,61.3,0.594,0.0,CRITICAL
2026-10-06 16:19:17.803,nan,0.0,0.0,61.23,0.594,0.0,CRITICAL
2026-10-06 16:19:17.904,nan,0.0,0.0,61.16,0.594,0.0,CRITICAL
2026-10-06 16:19:18.005,nan,0.0,0.0,61.09,0.594,0.0,CRITICAL
2026-10-06 16:19:18.105,nan,0.0,0.0,61.02,0.594,0.0,CRITICAL
2026-10-06 16:19:18.206,nan,0.0,0.0,60.94,0.594,0.0,CRITICAL
2026-10-06 16:19:18.307,nan,0.0,0.0,60.87,0.594,0.0,CRITICAL
2026-10-06 16:19:18.407,nan,0.0,0.0,60.8,0.594,0.0,CRITICAL
2026-10-06 16:19:18.508,nan,0.0,0.0,60.73,0.594,0.0,CRITICAL
2026-10-06 16:19:18.609,nan,0.0,0.0,60.66,0.594,0.0,CRITICAL
2026-10-06 16:19:18.709,nan,0.0,0.0,60.59,0.594,0.0,CRITICAL
2026-10-06 16:19:18.810,nan,0.0,0.0,60.51,0.594,0.0,CRITICAL
2026-10-06 16:19:18.911,nan,0.0,0.0,60.44,0.594,0.0,CRITICAL
2026-10-06 16:19:19.012,nan,0.0,0.0,60.37,0.594,0.0,CRITICAL
2026-10-06 16:19:19.112,nan,0.0,0.0,60.3,0.594,0.0,CRITICAL
2026-10-06 16:19:19.213,nan,0.0,0.0,60.23,0.594,0.0,CRITICAL
2026-10-06 16:19:19.314,nan,0.0,0.0,60.16,0.594,0.0,CRITICAL
2026-10-06 16:19:19.413,nan,0.0,0.0,60.09,0.594,0.0,CRITICAL
2026-10-06 16:19:19.514,nan,0.0,0.0,60.02,0.594,0.0,CRITICAL
2026-10-06 16:19:19.614,nan,0.0,0.0,59.95,0.594,0.0,CRITICAL
2026-10-06 16:19:19.715,nan,0.0,0.0,59.88,0.594,0.0,CRITICAL
2026-10-06 16:19:19.816,nan,0.0,0.0,59.81,0.594,0.0,CRITICAL
2026-10-06 16:19:19.917,nan,0.0,0.0,59.74,0.594,0.0,CRITICAL
2026-10-06 16:19:20.017,nan,0.0,0.0,59.67,0.594,0.0,CRITICAL
2026-10-06 16:19:20.118,nan,0.0,0.0,59.6,0.594,0.0,CRITICAL
2026-10-06 16:19:20.218,nan,0.0,0.0,59.53,0.594,0.0,CRITICAL
2026-10-06 16:19:20.319,nan,0.0,0.0,59.46,0.594,0.0,CRITICAL
2026-10-06 16:19:20.420,nan,0.0,0.0,59.39,0.594,0.0,CRITICAL
2026-10-06 16:19:20.520,nan,0.0,0.0,59.33,0.594,0.0,CRITICAL
2026-10-06 16:19:20.621,nan,0.0,0.0,59.26,0.594,0.0,CRITICAL
2026-10-06 16:19:20.722,nan,0.0,0.0,59.19,0.594,0.0,CRITICAL
2026-10-06 16:19:20.822,nan,0.0,0.0,59.12,0.594,0.0,CRITICAL
2026-10-06 16:19:20.923,nan,0.0,0.0,59.05,0.594,0.0,CRITICAL
2026-10-06 16:19:21.024,nan,0.0,0.0,58.98,0.594,0.0,CRITICAL
2026-10-06 16:19:21.124,nan,0.0,0.0,58.92,0.594,0.0,CRITICAL
2026-10-06 16:19:21.225,nan,0.0,0.0,58.85,0.594,0.0,CRITICAL
2026-10-06 16:19:21.325,nan,0.0,0.0,58.78,0.594,0.0,CRITICAL
2026-10-06 16:19:21.426,nan,0.0,0.0,58.71,0.594,0.0,CRITICAL
2026-10-06 16:19:21.527,nan,0.0,0.0,58.65,0.594,0.0,CRITICAL
2026-10-06 16:19:21.628,nan,0.0,0.0,58.58,0.594,0.0,CRITICAL
2026-10-06 16:19:21.728,nan,0.0,0.0,58.51,0.594,0.0,CRITICAL
2026-10-06 16:19:21.829,nan,0.0,0.0,58.44,0.594,0.0,CRITICAL
2026-10-06 16:19:21.930,nan,0.0,0.0,58.38,0.594,0.0,CRITICAL
2026-10-06 16:19:22.031,nan,0.0,0.0,58.31,0.594,0.0,CRITICAL
2026-10-06 16:19:22.131,nan,0.0,0.0,58.24,0.594,0.0,CRITICAL
2026-10-06 16:19:22.232,nan,0.0,0.0,58.18,0.594,0.0,CRITICAL
2026-10-06 16:19:22.333,nan,0.0,0.0,58.11,0.594,0.0,CRITICAL
2026-10-06 16:19:22.433,nan,0.0,0.0,58.04,0.594,0.0,CRITICAL
2026-10-06 16:19:22.534,nan,0.0,0.0,57.98,0.594,0.0,CRITICAL
2026-10-06 16:19:22.635,nan,0.0,0.0,57.91,0.594,0.0,CRITICAL
2026-10-06 16:19:22.736,nan,0.0,0.0,57.85,0.594,0.0,CRITICAL
2026-10-06 16:19:22.837,nan,0.0,0.0,57.78,0.594,0.0,CRITICAL
2026-10-06 16:19:22.937,nan,0.0,0.0,57.72,0.594,0.0,CRITICAL
2026-10-06 16:19:23.038,nan,0.0,0.0,57.65,0.594,0.0,CRITICAL
2026-10-06 16:19:23.139,nan,0.0,0.0,57.58,0.594,0.0,CRITICAL
2026-10-06 16:19:23.239,nan,0.0,0.0,57.52,0.594,0.0,CRITICAL
2026-10-06 16:19:23.340,nan,0.0,0.0,57.45,0.594,0.0,CRITICAL
2026-10-06 16:19:23.441,nan,0.0,0.0,57.39,0.594,0.0,CRITICAL
2026-10-06 16:19:23.541,nan,0.0,0.0,57.32,0.594,0.0,CRITICAL
2026-10-06 16:19:23.642,nan,0.0,0.0,57.26,0.594,0.0,CRITICAL
2026-10-06 16:19:23.743,nan,0.0,0.0,57.2,0.594,0.0,CRITICAL
2026-10-06 16:19:23.842,nan,0.0,0.0,57.13,0.594,0.0,CRITICAL
2026-10-06 16:19:23.943,nan,0.0,0.0,57.07,0.594,0.0,CRITICAL
2026-10-06 16:19:24.043,nan,0.0,0.0,57.0,0.594,0.0,CRITICAL
2026-10-06 16:19:24.144,nan,0.0,0.0,56.94,0.594,0.0,CRITICAL
2026-10-06 16:19:24.245,nan,0.0,0.0,56.87,0.594,0.0,CRITICAL
2026-10-06 16:19:24.346,nan,0.0,0.0,56.81,0.594,0.0,CRITICAL
2026-10-06 16:19:24.446,nan,0.0,0.0,56.75,0.594,0.0,CRITICAL
2026-10-06 16:19:24.554,nan,0.0,0.0,56.68,0.594,0.0,CRITICAL
2026-10-06 16:19:24.650,nan,0.0,0.0,56.62,0.594,0.0,CRITICAL
2026-10-06 16:19:24.749,nan,0.0,0.0,56.56,0.594,0.0,CRITICAL
2026-10-06 16:19:24.849,nan,0.0,0.0,56.49,0.594,0.0,CRITICAL
2026-10-06 16:19:24.950,nan,0.0,0.0,56.43,0.594,0.0,CRITICAL
2026-10-06 16:19:25.051,nan,0.0,0.0,56.37,0.594,0.0,CRITICAL
2026-10-06 16:19:25.151,nan,0.0,0.0,56.31,0.594,0.0,CRITICAL
2026-10-06 16:19:25.252,nan,0.0,0.0,56.24,0.594,0.0,CRITICAL
2026-10-06 16:19:25.353,nan,0.0,0.0,56.18,0.594,0.0,CRITICAL
2026-10-06 16:19:25.454,nan,0.0,0.0,56.12,0.594,0.0,CRITICAL
2026-10-06 16:19:25.554,nan,0.0,0.0,56.06,0.594,0.0,CRITICAL
2026-10-06 16:19:25.655,nan,0.0,0.0,55.99,0.594,0.0,CRITICAL
2026-10-06 16:19:25.756,nan,0.0,0.0,55.93,0.594,0.0,CRITICAL
2026-10-06 16:19:25.857,nan,0.0,0.0,55.87,0.594,0.0,CRITICAL
2026-10-06 16:19:25.958,nan,0.0,0.0,55.81,0.594,0.0,CRITICAL
2026-10-06 16:19:26.058,nan,0.0,0.0,55.75,0.594,0.0,CRITICAL
